DATE,OPEN,HIGH,LOW,CLOSE,VOLUME
2010-01-04,14.15,14.2,13.85,14.0,11755130
2010-01-05,14.2,14.6,14.15,14.3,15444807
2010-01-06,14.3,14.4,14.15,14.2,8289221
2010-01-07,14.2,14.25,13.9,13.95,12236794
2010-01-08,13.95,14.5,13.9,14.3,15088181
2010-01-11,14.3,14.45,14.2,14.25,12313891
2010-01-12,14.25,14.3,13.9,13.95,14890166
2010-01-13,13.8,13.85,13.35,13.35,18654534
2010-01-14,13.5,13.6,13.45,13.5,4705126
2010-01-15,13.7,13.9,13.65,13.9,10879368
2010-01-18,13.75,13.95,13.7,13.8,5493613
2010-01-19,13.95,13.95,13.6,13.65,7592427
2010-01-20,13.9,13.9,13.6,13.6,5873091
2010-01-21,13.7,14.0,13.65,13.9,18028065
2010-01-22,13.9,14.0,13.4,13.6,14235345
2010-01-25,13.3,13.5,13.15,13.15,6373842
2010-01-26,13.2,13.25,12.25,12.35,21626494
2010-01-27,12.6,12.65,12.3,12.45,6605459
2010-01-28,12.7,12.75,12.55,12.6,7577928
2010-01-29,12.4,12.8,12.3,12.6,13681069
2010-02-01,12.65,12.7,12.4,12.5,5771192
2010-02-02,12.7,12.7,12.05,12.05,8980677
2010-02-03,12.4,12.4,12.15,12.3,11240977
2010-02-04,12.3,12.4,12.25,12.25,6776753
2010-02-05,11.9,12.1,11.8,11.85,14569607
2010-02-06,11.9,12.05,11.8,11.95,4266915
2010-02-08,12.0,12.25,11.95,12.15,6879971
2010-02-09,12.25,12.4,12.2,12.4,4767191
2010-02-10,12.5,12.6,12.4,12.5,11270725
2010-02-22,12.7,12.8,12.5,12.6,5332650
2010-02-23,12.4,12.7,12.4,12.65,5455712
2010-02-24,12.45,12.6,12.3,12.35,7059473
2010-02-25,12.35,12.4,11.85,11.95,16405514
2010-02-26,12.15,12.15,11.9,12.15,10707907
2010-03-01,12.2,12.4,12.1,12.3,7580823
2010-03-02,12.5,12.55,12.4,12.5,7710405
2010-03-03,12.55,12.7,12.4,12.7,6329329
2010-03-04,12.8,12.8,12.45,12.5,9473882
2010-03-05,12.7,13.1,12.6,13.05,11755881
2010-03-08,13.15,13.25,13.0,13.25,7228149
2010-03-09,13.2,13.25,12.95,13.05,3187109
2010-03-10,13.2,13.2,13.0,13.15,3376447
2010-03-11,13.25,13.75,13.2,13.7,23604797
2010-03-12,13.75,14.0,13.5,13.9,18977594
2010-03-15,13.95,14.1,13.6,13.6,11744855
2010-03-16,13.8,13.9,13.5,13.6,6700829
2010-03-17,13.7,13.95,13.65,13.9,13758452
2010-03-18,13.95,14.1,13.85,14.0,15347498
2010-03-19,14.0,14.3,13.9,14.2,21058789
2010-03-22,14.2,14.45,14.05,14.25,21159739
2010-03-23,14.2,14.3,14.05,14.2,13217728
2010-03-24,14.3,14.3,14.05,14.3,8208381
2010-03-25,14.3,14.3,14.0,14.2,10409116
2010-03-26,14.25,14.4,14.05,14.4,9147105
2010-03-29,14.4,15.15,14.4,14.95,33321665
2010-03-30,15.0,15.3,15.0,15.05,32523759
2010-03-31,15.05,15.15,14.9,14.95,11392022
2010-04-01,15.1,15.35,15.05,15.05,24334519
2010-04-02,15.05,15.1,14.7,14.9,11237922
2010-04-06,15.05,15.4,15.05,15.25,18597790
2010-04-07,15.4,15.4,15.1,15.15,10099433
2010-04-08,15.15,15.15,14.7,14.8,17766760
2010-04-09,14.8,14.9,14.3,14.45,13819729
2010-04-12,14.5,15.1,14.5,15.1,12923098
2010-04-13,15.15,15.15,14.95,15.1,11443548
2010-04-14,15.25,15.25,15.1,15.15,9031084
2010-04-15,15.2,15.55,15.2,15.5,22911619
2010-04-16,15.5,15.5,15.05,15.1,6919870
2010-04-19,14.5,14.8,14.5,14.6,13597587
2010-04-20,14.9,15.5,14.85,15.2,16732653
2010-04-21,15.3,15.4,14.8,14.85,12722114
2010-04-22,14.8,14.85,14.55,14.7,11307448
2010-04-23,14.7,14.8,14.35,14.45,14305437
2010-04-26,14.7,15.15,14.7,15.05,11581019
2010-04-27,15.15,15.65,14.95,15.4,30328824
2010-04-28,15.1,15.7,15.0,15.4,23366105
2010-04-29,15.7,16.45,15.55,16.2,34534435
2010-04-30,16.5,17.3,16.3,16.5,68294949
2010-05-03,16.6,16.8,16.05,16.6,13299017
2010-05-04,16.9,16.9,16.3,16.3,22605207
2010-05-05,16.0,16.8,15.7,16.7,34123423
2010-05-06,16.7,16.7,15.7,16.0,18825558
2010-05-07,15.6,16.45,15.6,16.1,20829981
2010-05-10,16.3,16.45,16.0,16.15,13050586
2010-05-11,16.15,16.4,16.0,16.05,18195151
2010-05-12,16.3,16.7,16.2,16.45,12680140
2010-05-13,16.7,17.15,16.7,16.8,26146142
2010-05-14,16.8,17.0,16.65,17.0,6938436
2010-05-17,16.8,16.9,16.55,16.7,12643777
2010-05-18,16.8,17.6,16.8,17.4,26961256
2010-05-19,17.5,18.05,17.4,17.85,32520371
2010-05-20,17.7,17.75,17.1,17.1,36236919
2010-05-21,16.6,16.6,16.1,16.4,23965771
2010-05-24,16.7,17.15,16.6,16.8,25765273
2010-05-25,16.5,17.2,16.45,17.05,26809656
2010-05-26,17.35,17.45,16.9,17.3,23262748
2010-05-27,17.15,17.25,16.9,17.2,11093706
2010-05-28,17.45,18.15,17.2,17.8,45554101
2010-05-31,18.0,18.4,17.85,17.85,29074666
2010-06-01,17.8,18.15,17.6,17.8,18127343
2010-06-02,17.8,18.05,17.5,17.55,23109173
2010-06-03,17.8,18.1,17.65,18.0,17394802
2010-06-04,18.15,18.2,17.95,18.0,10222459
2010-06-07,17.5,17.95,17.5,17.95,10981849
2010-06-08,17.95,18.0,17.35,17.4,14554831
2010-06-09,17.55,17.6,16.7,16.7,26358595
2010-06-10,17.0,17.55,16.9,17.4,14530376
2010-06-11,17.8,17.9,17.5,17.6,11196128
2010-06-14,17.8,18.5,17.8,18.4,41521109
2010-06-15,18.55,19.65,18.5,19.15,68587488
2010-06-17,19.15,19.3,18.85,19.05,29308197
2010-06-18,19.0,19.0,18.65,18.85,13470592
2010-06-21,19.05,19.8,19.05,19.75,28726284
2010-06-22,19.75,20.25,19.6,20.05,27400908
2010-06-23,19.85,19.95,19.4,19.4,18802627
2010-06-24,19.7,19.7,19.25,19.3,10222988
2010-06-25,19.0,19.6,19.0,19.15,11510757
2010-06-28,19.3,19.8,19.3,19.5,12540336
2010-06-29,19.8,19.8,18.4,18.5,30985688
2010-06-30,18.2,19.2,18.2,19.0,63515470
2010-07-01,19.0,20.05,18.8,19.7,58223575
2010-07-02,19.9,20.8,19.7,20.0,61395152
2010-07-05,20.05,20.75,19.9,20.15,39594322
2010-07-06,19.95,20.15,19.7,19.7,54139148
2010-07-07,20.1,20.9,19.95,20.2,75506620
2010-07-08,20.5,20.75,20.2,20.25,34376669
2010-07-09,20.5,20.55,19.65,19.85,24383603
2010-07-12,19.85,20.15,19.6,19.65,23462342
2010-07-13,19.9,20.05,19.7,19.85,11875765
2010-07-14,20.15,20.5,20.0,20.25,27189463
2010-07-15,20.3,20.75,20.25,20.35,32199892
2010-07-16,20.35,20.4,19.95,19.95,13415069
2010-07-19,19.65,20.15,19.6,19.95,16537699
2010-07-20,19.75,19.8,19.2,19.3,27358518
2010-07-21,19.1,19.4,18.95,19.1,52711661
2010-07-22,19.0,20.15,19.0,20.15,44800768
2010-07-23,20.45,20.5,19.95,19.95,36024283
2010-07-26,20.1,20.4,20.05,20.1,18913321
2010-07-27,20.1,20.4,20.05,20.1,18916665
2010-07-28,19.9,19.95,19.45,19.6,47528750
2010-07-29,19.2,19.35,19.05,19.2,19510171
2010-07-30,19.0,19.5,19.0,19.1,12752429
2010-08-02,19.3,20.35,19.3,20.1,41296689
2010-08-03,20.45,20.9,19.9,20.0,51704842
2010-08-04,20.3,20.95,20.1,20.65,41087553
2010-08-05,20.95,22.05,20.85,22.05,96477972
2010-08-06,22.1,22.75,22.1,22.35,57193980
2010-08-09,22.4,22.55,22.1,22.45,21338610
2010-08-10,22.6,23.9,22.6,23.65,51414432
2010-08-11,23.6,24.65,23.0,23.2,74429008
2010-08-12,23.0,23.65,22.4,22.8,59152012
2010-08-13,23.0,23.25,22.65,22.95,40597389
2010-08-16,22.95,24.55,22.9,24.55,61052197
2010-08-17,25.75,26.25,24.65,24.75,139485762
2010-08-18,24.95,26.1,24.15,24.75,90217671
2010-08-19,24.85,25.05,23.65,23.9,58644428
2010-08-20,23.8,24.9,23.8,24.9,46727312
2010-08-23,24.9,25.45,24.8,24.85,35061827
2010-08-24,24.85,24.95,24.0,24.15,35927269
2010-08-25,23.3,23.5,22.5,22.5,78571083
2010-08-26,22.35,22.85,22.1,22.7,52570321
2010-08-27,22.1,22.45,21.55,21.9,75791389
2010-08-30,22.1,22.8,21.7,22.65,51286510
2010-08-31,22.75,23.1,22.45,22.75,42773997
2010-09-01,23.2,23.5,22.8,23.3,58514416
2010-09-02,23.9,24.5,23.8,24.3,46624884
2010-09-03,24.7,24.95,24.4,24.45,37934783
2010-09-06,24.95,25.45,24.6,25.2,38506717
2010-09-07,25.2,25.25,24.2,24.2,29815346
2010-09-08,24.1,24.4,23.1,23.4,44311388
2010-09-09,23.25,23.4,21.95,22.05,77033582
2010-09-10,22.3,22.9,22.25,22.9,31828245
2010-09-13,23.5,24.45,23.3,24.45,46026494
2010-09-14,24.9,25.0,24.1,24.2,40796320
2010-09-15,24.2,25.05,24.05,25.0,44438123
2010-09-16,25.0,25.9,24.65,25.6,64517604
2010-09-17,25.9,27.35,25.8,27.35,88439772
2010-09-20,27.45,28.9,27.35,27.45,123238732
2010-09-21,27.7,27.9,27.2,27.55,45925451
2010-09-23,27.5,27.5,26.9,27.1,26208136
2010-09-24,26.9,27.95,26.7,27.6,48182484
2010-09-27,28.0,28.4,27.4,27.5,41515511
2010-09-28,27.4,27.45,27.0,27.35,21067075
2010-09-29,27.6,28.7,27.3,28.4,54086886
2010-09-30,28.3,28.4,27.0,27.2,55634881
2010-10-01,27.2,27.8,26.85,27.15,34140444
2010-10-04,27.15,27.9,27.15,27.55,32942412
2010-10-05,27.25,28.0,27.25,27.9,42519645
2010-10-06,28.4,29.2,28.3,29.1,79767529
2010-10-07,29.3,29.6,28.6,28.65,48926225
2010-10-08,28.65,29.0,28.5,28.65,23860975
2010-10-11,29.0,29.0,27.85,27.9,31912024
2010-10-12,27.95,28.1,27.4,27.7,24242696
2010-10-13,27.9,27.95,26.55,26.95,52740831
2010-10-14,27.25,27.7,27.1,27.5,33330138
2010-10-15,27.5,28.45,27.3,28.45,41922016
2010-10-18,28.55,28.55,27.5,27.55,25481745
2010-10-19,27.6,28.5,27.6,27.8,33397670
2010-10-20,27.8,28.6,27.8,28.15,38994478
2010-10-21,28.15,28.6,28.05,28.6,23292090
2010-10-22,28.7,29.75,28.4,29.5,61318959
2010-10-25,30.2,31.55,29.85,31.55,119076687
2010-10-26,31.55,31.8,31.0,31.8,60772659
2010-10-27,31.8,32.25,31.55,31.9,64874743
2010-10-28,31.8,31.8,31.15,31.5,38024305
2010-10-29,31.5,31.5,30.7,30.9,27703532
2010-11-01,31.3,33.05,31.3,33.05,77566515
2010-11-02,33.15,34.6,33.1,34.3,99379876
2010-11-03,34.5,34.55,33.5,34.35,54827467
2010-11-04,34.1,34.2,33.5,33.7,40552793
2010-11-05,33.7,33.7,31.7,32.1,109747903
2010-11-08,31.8,32.45,31.5,32.35,58943430
2010-11-09,32.35,33.2,32.0,32.7,45070002
2010-11-10,32.7,33.15,31.75,31.85,32209735
2010-11-11,31.8,32.15,31.3,31.9,27003336
2010-11-12,32.05,32.5,31.9,32.05,28464881
2010-11-15,32.1,32.4,31.6,31.65,20324892
2010-11-16,31.95,31.95,29.95,30.3,75167825
2010-11-17,30.3,30.9,30.25,30.6,87984971
2010-11-18,30.95,32.7,30.8,32.7,75343652
2010-11-19,33.1,33.75,32.5,32.5,64677026
2010-11-22,32.8,33.65,32.7,33.55,50150966
2010-11-23,33.6,34.3,32.9,33.05,52562133
2010-11-24,32.7,33.0,32.35,32.75,28046328
2010-11-25,33.05,33.3,32.7,32.95,19065528
2010-11-26,33.15,33.15,32.25,32.85,27795197
2010-11-29,34.0,35.0,33.3,34.5,74509554
2010-11-30,34.5,34.7,34.05,34.7,55279222
2010-12-01,34.7,35.5,34.55,35.0,37671344
2010-12-02,35.5,35.55,34.8,35.1,35283729
2010-12-03,34.9,34.95,34.0,34.1,41005045
2010-12-06,34.0,34.7,33.55,34.5,36201781
2010-12-07,34.1,34.25,33.6,33.95,22399717
2010-12-08,34.2,34.8,33.75,34.25,34394469
2010-12-09,34.35,34.55,33.95,34.4,19348570
2010-12-10,34.05,34.35,33.6,33.8,16778595
2010-12-13,34.0,34.6,33.85,34.25,22520275
2010-12-14,34.6,34.8,34.25,34.7,17751002
2010-12-15,34.9,35.3,34.7,34.9,31480687
2010-12-16,35.2,35.5,34.9,35.0,26283394
2010-12-17,35.5,35.7,35.0,35.05,18929966
2010-12-20,35.2,36.95,35.2,36.4,55387535
2010-12-21,36.7,36.95,35.8,36.7,30838013
2010-12-22,36.5,37.2,36.2,36.5,33341228
2010-12-23,36.2,36.5,36.0,36.0,22954600
2010-12-24,35.9,36.5,35.75,35.75,17667188
2010-12-27,35.9,36.05,35.3,35.65,15801851
2010-12-28,35.8,35.95,35.45,35.6,8356360
2010-12-29,35.6,36.7,35.6,36.3,29253512
2010-12-30,36.5,37.6,36.5,37.0,47559883
2010-12-31,37.4,37.4,36.6,36.8,17638561
2011-01-03,37.3,37.3,36.2,36.6,35384280
2011-01-04,36.4,36.6,35.8,35.8,33964037
2011-01-05,35.4,35.4,34.0,34.2,54559677
2011-01-06,34.0,34.4,33.6,33.9,23614891
2011-01-07,34.7,34.7,33.75,33.95,25135660
2011-01-10,34.0,34.8,34.0,34.7,21890898
2011-01-11,34.7,34.85,34.35,34.75,14386185
2011-01-12,34.95,35.0,34.35,34.6,24011992
2011-01-13,34.7,35.2,34.45,34.65,19470181
2011-01-14,35.0,35.4,34.7,34.7,22460701
2011-01-17,33.8,33.9,32.35,32.55,55351554
2011-01-18,31.55,32.75,31.1,32.65,62355416
2011-01-19,31.8,32.75,31.8,32.05,33101951
2011-01-20,32.0,32.35,31.8,31.8,24286243
2011-01-21,31.85,32.3,31.7,32.25,24378273
2011-01-24,32.55,33.0,32.3,32.3,23262309
2011-01-25,32.95,32.95,32.5,32.55,18083401
2011-01-26,32.85,33.75,32.65,33.7,34383930
2011-01-27,33.7,34.0,33.5,33.95,24125858
2011-01-28,34.1,34.2,33.4,33.7,14541321
2011-02-08,33.5,33.5,31.55,31.85,33039055
2011-02-09,31.4,32.2,31.35,31.35,23232968
2011-02-10,31.0,31.95,30.3,30.3,39609996
2011-02-11,30.1,30.15,28.3,28.55,52436622
2011-02-14,28.9,29.7,28.85,29.45,25904446
2011-02-15,29.1,29.25,28.4,28.6,28100090
2011-02-16,28.6,29.15,27.7,28.0,48145514
2011-02-17,28.1,28.4,26.55,26.6,53921835
2011-02-18,26.8,27.75,26.8,27.4,43944260
2011-02-21,27.5,28.0,27.1,27.15,27293509
2011-02-22,26.1,26.1,25.25,25.3,72117741
2011-02-23,24.95,25.95,24.8,25.4,64746885
2011-02-24,25.9,26.25,25.65,25.75,61234491
2011-02-25,26.15,26.8,25.1,26.8,52972948
2011-03-01,26.8,26.85,26.2,26.65,33925410
2011-03-02,26.0,26.45,25.75,25.75,40340631
2011-03-03,25.8,26.1,25.4,25.65,23931091
2011-03-04,26.2,26.45,25.9,25.95,24673256
2011-03-07,25.7,25.7,25.05,25.25,23605460
2011-03-08,25.1,25.55,24.7,24.8,34235473
2011-03-09,25.5,26.35,25.3,26.25,53494432
2011-03-10,26.25,26.5,25.85,26.4,30767083
2011-03-11,26.2,26.7,26.0,26.2,37103689
2011-03-14,25.55,25.7,24.5,24.65,36607496
2011-03-15,24.2,24.4,22.95,22.95,55876785
2011-03-16,23.1,23.3,22.8,23.05,32997682
2011-03-17,22.05,23.0,21.8,22.85,24961281
2011-03-18,23.0,24.0,22.7,23.6,39605419
2011-03-21,23.6,24.15,23.25,24.05,20933133
2011-03-22,24.25,24.4,23.8,23.9,28485263
2011-03-23,24.5,24.7,24.25,24.3,34456433
2011-03-24,24.0,24.15,23.75,24.05,27501747
2011-03-25,24.05,24.1,23.75,23.8,17227621
2011-03-28,23.8,23.8,23.0,23.05,32374320
2011-03-29,23.05,23.5,23.05,23.15,26306285
2011-03-30,23.15,23.3,23.1,23.1,12580113
2011-03-31,23.1,23.45,23.05,23.25,9056729
2011-04-01,23.35,23.35,23.0,23.15,7087156
2011-04-06,23.35,23.4,22.9,23.05,13851795
2011-04-07,23.05,24.65,23.05,24.65,41495949
2011-04-08,25.0,25.65,24.8,25.3,70875276
2011-04-11,25.7,25.95,25.25,25.95,42379050
2011-04-12,25.95,26.4,25.85,25.9,46106199
2011-04-13,26.2,27.15,26.15,27.0,65570625
2011-04-14,27.1,27.5,26.6,26.6,61485764
2011-04-15,26.5,26.55,25.75,25.8,39338106
2011-04-18,25.8,26.2,25.7,25.8,15112474
2011-04-19,25.55,26.6,25.55,26.6,27367465
2011-04-20,26.8,26.85,26.15,26.35,26880120
2011-04-21,26.6,26.75,26.35,26.5,25316977
2011-04-22,26.7,27.7,26.6,27.6,58903511
2011-04-25,28.0,29.2,27.85,28.85,80902720
2011-04-26,28.75,29.0,28.3,28.7,42200190
2011-04-27,29.2,29.4,28.4,28.4,35237796
2011-04-28,27.4,27.75,26.8,26.9,55547533
2011-04-29,26.5,27.35,26.2,26.35,45403736
2011-05-03,26.3,26.6,25.6,26.0,27873358
2011-05-04,26.0,27.0,25.85,27.0,23647883
2011-05-05,27.1,27.45,26.65,27.2,23532955
2011-05-06,28.5,29.1,28.35,28.7,100087052
2011-05-09,29.0,30.0,29.0,29.4,77966266
2011-05-10,29.5,29.8,29.0,29.7,38583201
2011-05-11,30.0,30.5,29.35,29.4,49362234
2011-05-12,29.8,30.05,29.15,29.15,30412545
2011-05-13,29.2,29.75,28.5,28.7,32366200
2011-05-16,29.5,29.7,29.1,29.3,28603483
2011-05-17,29.5,29.85,29.2,29.85,33306039
2011-05-18,30.0,30.3,29.7,30.0,38548316
2011-05-19,30.05,30.1,28.9,28.9,32905990
2011-05-20,29.1,29.45,28.75,28.8,20258458
2011-05-23,28.6,28.8,28.05,28.65,16467304
2011-05-24,28.6,29.1,28.15,29.0,17092023
2011-05-25,28.85,28.85,28.1,28.1,20620807
2011-05-26,28.4,28.45,27.85,28.1,25334707
2011-05-27,28.25,28.35,28.05,28.1,16458406
2011-05-30,28.05,29.25,27.65,29.25,25328272
2011-05-31,29.4,29.65,29.15,29.5,21464202
2011-06-01,29.15,29.5,29.15,29.2,12949434
2011-06-02,29.4,29.8,29.25,29.25,20373564
2011-06-03,29.3,29.6,28.9,29.0,10815927
2011-06-07,29.0,29.35,28.75,28.9,10554730
2011-06-08,28.9,29.2,28.75,28.9,12126641
2011-06-09,29.2,29.35,28.85,28.85,9596161
2011-06-10,28.9,29.1,28.0,28.05,19385829
2011-06-13,28.2,28.55,27.2,27.25,35852543
2011-06-14,27.55,27.7,27.2,27.7,18730964
2011-06-15,27.7,27.8,26.4,26.9,43664425
2011-06-16,26.8,27.3,26.5,26.8,21929177
2011-06-17,26.9,27.05,25.95,26.5,29574756
2011-06-20,26.8,27.25,26.6,26.8,21571829
2011-06-21,27.45,27.65,27.0,27.65,18448865
2011-06-22,27.9,28.1,27.55,27.55,18855903
2011-06-23,27.55,27.8,27.4,27.75,9579922
2011-06-24,28.5,29.1,28.2,29.0,56687808
2011-06-27,28.95,29.75,28.95,29.2,54719404
2011-06-28,29.45,29.6,28.95,28.95,26352146
2011-06-29,29.25,29.45,28.7,29.35,28030026
2011-06-30,29.3,29.4,29.0,29.3,13818502
2011-07-01,29.4,29.8,29.15,29.55,26004953
2011-07-04,29.7,29.7,28.8,28.85,33862209
2011-07-05,28.95,29.45,28.9,28.95,23463935
2011-07-06,28.95,29.1,28.55,28.65,17590024
2011-07-07,28.7,29.2,28.65,28.85,12576218
2011-07-08,29.1,29.15,28.7,28.7,16034612
2011-07-11,28.9,28.95,28.6,28.6,8244781
2011-07-12,28.5,29.15,28.4,28.65,17529649
2011-07-13,28.7,28.8,27.95,28.2,13483284
2011-07-14,28.3,28.5,26.5,27.1,39082865
2011-07-15,27.0,27.55,26.7,27.2,24721982
2011-07-18,27.1,27.25,26.4,26.65,17287373
2011-07-19,26.7,27.2,26.65,26.85,15629008
2011-07-20,27.15,27.7,26.85,27.6,24453657
2011-07-21,27.6,27.7,27.05,27.45,17310803
2011-07-22,27.65,27.7,26.95,27.0,19895344
2011-07-25,26.7,26.7,26.15,26.15,23404034
2011-07-26,26.25,26.55,26.1,26.35,13984356
2011-07-27,26.2,26.4,26.0,26.0,11624199
2011-07-28,25.8,26.5,25.7,26.0,15685810
2011-07-29,26.0,26.05,25.7,25.7,10107170
2011-08-01,25.75,26.2,25.75,25.8,9785952
2011-08-02,25.6,26.1,25.6,25.7,6934819
2011-08-03,25.5,25.6,25.2,25.5,14034301
2011-08-04,25.9,25.9,25.0,25.0,13060867
2011-08-05,23.25,23.55,23.25,23.25,32224010
2011-08-08,22.4,22.65,21.65,21.65,37719647
2011-08-09,20.15,23.15,20.15,22.55,62704903
2011-08-10,23.95,24.1,23.45,23.8,41893226
2011-08-11,22.5,23.6,22.5,23.3,19957781
2011-08-12,23.8,24.0,22.6,22.75,22534808
2011-08-15,23.35,23.35,22.9,23.0,13253817
2011-08-16,23.2,23.6,23.05,23.35,15302794
2011-08-17,23.5,23.8,23.25,23.75,15995171
2011-08-18,23.9,23.9,22.8,22.9,16026816
2011-08-19,21.8,22.3,21.75,21.95,16861025
2011-08-22,21.95,22.3,21.0,21.3,21899606
2011-08-23,20.8,21.7,20.7,21.7,22445917
2011-08-24,22.0,22.5,21.85,22.25,21782130
2011-08-25,22.6,22.8,21.85,22.0,17678744
2011-08-26,22.1,22.45,21.4,21.55,15274899
2011-08-29,21.55,21.75,21.1,21.3,15990275
2011-08-30,21.6,21.6,20.7,20.8,21285157
2011-08-31,20.6,21.3,20.5,21.2,18179023
2011-09-01,21.5,21.85,21.25,21.25,16907837
2011-09-02,21.45,21.8,21.0,21.8,18709227
2011-09-05,21.4,21.45,21.0,21.0,13471766
2011-09-06,20.5,20.9,19.6,19.7,18892519
2011-09-07,19.9,20.4,19.9,20.3,8460351
2011-09-08,20.45,20.45,19.7,19.8,14321932
2011-09-09,19.6,20.35,19.45,20.25,9109138
2011-09-13,19.95,20.1,19.45,19.6,9774341
2011-09-14,18.1,18.3,16.85,17.2,18811931
2011-09-15,17.6,17.9,17.45,17.6,10404039
2011-09-16,18.0,18.15,17.5,17.6,20860241
2011-09-19,17.65,17.8,16.65,16.75,19386259
2011-09-20,16.8,16.95,16.15,16.25,19080178
2011-09-21,16.8,17.35,16.75,17.35,24758566
2011-09-22,17.0,17.2,16.8,17.1,31084040
2011-09-23,16.95,18.25,16.85,18.25,53034901
2011-09-26,18.5,18.7,17.9,18.1,44205138
2011-09-27,18.7,19.35,18.3,18.8,47348361
2011-09-28,19.1,19.7,18.9,18.95,21894040
2011-09-29,18.95,19.4,18.95,19.3,20793478
2011-09-30,19.55,20.5,19.5,20.35,42371097
2011-10-03,20.35,21.0,19.4,19.4,46969397
2011-10-04,18.9,19.65,18.9,19.65,22982576
2011-10-05,19.85,19.9,19.05,19.05,12069926
2011-10-06,19.4,19.55,18.65,18.65,20096925
2011-10-07,18.85,19.65,18.8,19.5,25983907
2011-10-11,19.85,19.85,19.45,19.5,19391669
2011-10-12,19.5,20.25,19.3,20.2,23776457
2011-10-13,20.5,20.95,20.25,20.4,27972176
2011-10-14,20.4,20.65,19.6,19.6,15038345
2011-10-17,19.8,20.3,19.75,20.2,14895373
2011-10-18,20.0,20.4,19.9,20.0,10879061
2011-10-19,20.4,20.4,19.8,19.9,9936282
2011-10-20,20.1,20.15,19.45,19.45,9416551
2011-10-21,19.5,19.6,19.1,19.2,11959005
2011-10-24,19.65,20.0,19.55,20.0,9865969
2011-10-25,20.1,20.1,19.7,19.7,9663158
2011-10-26,19.65,20.4,19.55,20.4,15308617
2011-10-27,20.4,21.8,20.15,21.8,56152274
2011-10-28,22.25,22.5,21.55,21.8,51712494
2011-10-31,22.0,22.5,21.7,21.95,20713024
2011-11-01,22.1,22.4,21.8,22.05,15768959
2011-11-02,21.55,21.8,21.05,21.55,19084867
2011-11-03,21.65,21.9,20.85,20.85,16878555
2011-11-04,21.25,21.4,20.95,21.05,12693553
2011-11-07,21.1,21.95,20.85,21.8,19631859
2011-11-08,22.0,22.35,21.7,21.75,27922935
2011-11-09,22.0,22.15,21.35,21.35,11711187
2011-11-10,20.9,21.0,19.9,20.0,23813736
2011-11-11,20.4,20.95,20.4,20.8,18664405
2011-11-14,21.15,21.85,21.0,21.2,19369909
2011-11-15,21.3,21.5,20.65,20.7,10386671
2011-11-16,20.7,20.95,19.4,19.7,29992842
2011-11-17,19.5,19.6,19.2,19.55,16377898
2011-11-18,19.3,19.4,18.4,18.5,30522936
2011-11-21,18.3,18.9,18.15,18.25,13522417
2011-11-22,18.25,18.45,17.45,17.55,20538318
2011-11-23,17.4,17.55,16.8,16.95,23733061
2011-11-24,16.55,18.1,16.55,18.1,24762506
2011-11-25,18.45,18.8,17.85,18.35,24381779
2011-11-28,18.5,18.8,18.35,18.35,12948562
2011-11-29,18.75,18.8,18.4,18.4,11156481
2011-11-30,18.4,18.55,17.85,17.95,10110915
2011-12-01,18.9,19.2,18.6,19.2,31699901
2011-12-02,18.9,19.1,18.45,18.75,12239049
2011-12-05,18.8,18.8,18.2,18.5,8381402
2011-12-06,18.5,18.5,18.1,18.15,6692874
2011-12-07,18.15,18.7,18.15,18.6,8749942
2011-12-08,18.4,18.45,18.05,18.25,7844211
2011-12-09,18.05,18.65,17.8,18.3,9062460
2011-12-12,18.6,18.65,18.35,18.5,3358844
2011-12-13,18.4,18.4,18.1,18.25,3977991
2011-12-14,18.3,18.4,18.2,18.3,4775122
2011-12-15,18.6,18.8,18.2,18.2,17102810
2011-12-16,18.45,18.45,18.0,18.0,8696323
2011-12-19,18.1,18.2,17.1,17.25,12530470
2011-12-20,17.3,17.8,17.3,17.8,9318225
2011-12-21,18.5,18.95,18.35,18.9,20783338
2011-12-22,18.9,18.9,18.5,18.55,8381642
2011-12-23,18.95,19.5,18.75,19.2,25666325
2011-12-26,19.3,19.35,19.05,19.15,6316857
2011-12-27,19.3,19.45,19.15,19.25,10612301
2011-12-28,19.25,19.8,19.15,19.2,15511144
2011-12-29,19.1,19.3,19.1,19.15,5787564
2011-12-30,19.35,19.6,19.15,19.2,9313046
2012-01-02,19.2,19.3,18.8,18.8,6416892
2012-01-03,19.0,19.2,18.75,18.75,12425230
2012-01-04,18.8,19.05,18.75,18.75,8102331
2012-01-05,19.0,19.85,18.85,19.65,32172082
2012-01-06,19.65,19.75,19.35,19.35,17747689
2012-01-09,19.4,19.45,19.15,19.35,8656989
2012-01-10,19.5,19.85,19.5,19.75,22892770
2012-01-11,19.95,20.15,19.6,20.0,30906906
2012-01-12,20.2,20.5,20.0,20.0,22894033
2012-01-13,20.35,20.35,19.85,19.85,28997145
2012-01-16,20.5,20.6,19.8,19.8,26003061
2012-01-17,19.85,20.15,19.85,19.9,12824999
2012-01-18,20.1,20.1,19.35,19.45,16833282
2012-01-30,19.8,19.85,19.6,19.6,12511462
2012-01-31,19.65,20.0,19.55,19.85,13193280
2012-02-01,19.95,20.9,19.85,20.9,35900599
2012-02-02,21.2,21.7,21.2,21.5,35941501
2012-02-03,21.5,21.85,21.05,21.05,16829862
2012-02-04,21.35,21.5,21.0,21.05,13660861
2012-02-06,21.4,22.5,21.4,21.65,49609775
2012-02-07,21.95,22.25,21.55,21.55,26042644
2012-02-08,22.0,22.0,21.6,21.85,14057193
2012-02-09,21.95,21.95,21.25,21.75,20131384
2012-02-10,21.8,21.85,21.25,21.3,9167926
2012-02-13,21.2,21.7,21.0,21.4,19086943
2012-02-14,21.5,21.55,20.7,20.9,14504631
2012-02-15,21.25,21.4,21.1,21.2,15500213
2012-02-16,21.0,21.5,20.75,20.8,14081169
2012-02-17,21.0,21.1,20.0,20.2,20128266
2012-02-20,20.45,20.45,19.9,20.1,9997622
2012-02-21,20.3,20.3,19.8,19.85,11805986
2012-02-22,19.65,20.05,19.6,20.05,12895720
2012-02-23,20.15,20.6,19.95,20.2,16521346
2012-02-24,20.0,20.2,19.8,19.8,9866129
2012-02-29,19.85,20.25,19.8,20.05,17529678
2012-03-01,20.2,20.6,20.1,20.4,19336982
2012-03-02,20.65,20.7,19.9,19.95,20730149
2012-03-03,19.95,20.2,19.85,19.9,15836845
2012-03-05,19.8,19.9,19.05,19.05,20451211
2012-03-06,18.85,19.05,18.55,19.05,21220925
2012-03-07,19.2,19.85,19.2,19.65,23066158
2012-03-08,19.9,20.45,19.65,20.35,20493239
2012-03-09,20.35,20.35,19.85,19.95,9824637
2012-03-12,19.85,19.9,19.45,19.45,6479040
2012-03-13,19.65,19.9,19.5,19.9,8297088
2012-03-14,20.2,20.4,19.8,20.3,19254243
2012-03-15,20.35,20.35,20.0,20.05,5335260
2012-03-16,20.1,20.3,19.95,19.95,4459927
2012-03-19,19.95,19.95,19.3,19.35,13310961
2012-03-20,19.25,19.45,18.9,18.9,12806687
2012-03-21,18.9,19.25,18.9,19.15,9868434
2012-03-22,19.3,19.3,19.1,19.25,4003270
2012-03-23,19.25,19.25,18.9,18.95,6572816
2012-03-26,18.85,18.85,18.65,18.75,6590960
2012-03-27,18.75,18.95,18.5,18.65,5881471
2012-03-28,18.65,19.0,18.55,18.6,6965514
2012-03-29,18.5,18.55,18.0,18.15,11518484
2012-03-30,18.05,18.15,17.8,18.15,10641227
2012-04-02,17.85,18.0,17.7,17.95,5292088
2012-04-03,18.0,18.05,17.1,17.55,12246009
2012-04-05,17.0,17.15,16.75,16.9,16565753
2012-04-06,17.1,18.0,17.0,17.9,16588752
2012-04-09,17.4,17.9,17.3,17.6,8250284
2012-04-10,17.7,18.0,17.35,17.5,9256850
2012-04-11,17.3,17.4,17.05,17.05,13039748
2012-04-12,17.1,17.25,17.05,17.15,5029166
2012-04-13,17.3,17.5,17.3,17.5,5932417
2012-04-16,17.45,17.45,17.0,17.15,4573459
2012-04-17,17.3,17.3,16.8,16.8,8869488
2012-04-18,17.0,17.05,16.6,16.9,5446661
2012-04-19,16.95,17.1,16.8,17.0,7335615
2012-04-20,17.0,17.05,16.8,16.8,4221124
2012-04-23,16.8,17.1,16.8,17.0,5065762
2012-04-24,17.0,17.2,17.0,17.1,6546424
2012-04-25,17.2,17.85,17.2,17.85,10412734
2012-04-26,18.15,18.15,17.55,17.9,8087247
2012-04-27,18.0,18.05,17.45,17.45,6736936
2012-04-30,17.5,17.75,17.4,17.55,6259186
2012-05-02,17.55,18.0,17.45,18.0,10085179
2012-05-03,18.0,18.15,17.85,17.95,9569684
2012-05-04,18.1,18.85,18.05,18.7,25642630
2012-05-07,19.0,19.25,18.5,18.5,17474559
2012-05-08,18.4,18.65,18.1,18.35,13144790
2012-05-09,18.15,18.7,18.05,18.35,16041933
2012-05-10,18.5,18.75,18.4,18.4,10971373
2012-05-11,18.4,18.6,18.3,18.35,6480805
2012-05-14,18.4,18.5,17.95,18.1,5961998
2012-05-15,17.85,18.25,17.75,18.1,8758559
2012-05-16,18.3,18.45,17.7,17.7,9218717
2012-05-17,18.05,18.25,17.9,18.05,7560762
2012-05-18,17.75,17.8,17.05,17.05,15859879
2012-05-21,17.4,17.4,17.0,17.0,10399195
2012-05-22,17.2,17.35,16.8,17.1,11020016
2012-05-23,17.05,17.05,16.65,16.75,8374048
2012-05-24,16.85,17.0,16.35,16.55,11009150
2012-05-25,16.5,16.95,16.3,16.3,8655217
2012-05-28,16.3,16.65,16.2,16.45,5240147
2012-05-29,16.5,17.25,16.5,17.05,15084773
2012-05-30,17.0,17.05,16.85,16.85,12680807
2012-05-31,16.8,17.9,16.7,17.8,24415683
2012-06-01,17.8,18.05,17.35,17.35,20015235
2012-06-04,17.1,17.65,17.1,17.6,20584577
2012-06-05,17.9,18.0,17.6,17.6,10882222
2012-06-06,17.75,17.85,17.3,17.4,7863690
2012-06-07,17.6,17.7,17.35,17.4,5009121
2012-06-08,17.5,17.85,17.5,17.65,8073900
2012-06-11,18.0,18.05,17.75,17.95,6862496
2012-06-12,17.9,18.05,17.85,17.9,9384000
2012-06-13,17.9,18.0,17.55,17.65,7113243
2012-06-14,17.55,17.65,17.2,17.2,9035186
2012-06-15,17.15,18.35,17.05,18.35,27545655
2012-06-18,18.35,18.6,18.05,18.1,19138469
2012-06-19,18.3,18.3,18.1,18.15,4196148
2012-06-20,18.2,18.25,17.9,18.1,7648477
2012-06-21,18.1,18.4,18.0,18.2,7617994
2012-06-22,18.25,18.6,18.25,18.45,15991710
2012-06-25,18.55,18.8,18.35,18.5,12638044
2012-06-26,18.5,18.6,18.25,18.35,6149050
2012-06-27,18.4,18.65,18.2,18.65,9339984
2012-06-28,18.65,18.7,18.0,18.0,11662239
2012-06-29,18.0,18.2,17.95,18.15,10242090
2012-07-02,18.0,18.0,17.75,17.75,10091320
2012-07-03,17.8,18.05,17.75,17.8,8067554
2012-07-04,17.65,17.7,17.4,17.55,15527198
2012-07-05,17.7,17.9,17.65,17.7,9789016
2012-07-06,17.7,17.85,17.55,17.6,9130458
2012-07-09,17.75,17.85,17.6,17.6,5191551
2012-07-10,17.8,18.05,17.7,17.75,8104496
2012-07-11,17.95,17.95,17.8,17.85,3598552
2012-07-12,17.9,17.9,17.4,17.5,7156250
2012-07-13,17.65,17.65,17.2,17.3,11514302
2012-07-16,17.45,17.5,17.25,17.3,4310896
2012-07-17,17.35,18.0,17.3,17.9,8025051
2012-07-18,17.8,17.8,17.4,17.4,6968595
2012-07-19,17.6,17.6,17.3,17.35,6174016
2012-07-20,17.25,17.3,17.05,17.1,8746373
2012-07-23,17.0,17.0,16.6,16.7,7912463
2012-07-24,16.6,16.85,16.6,16.7,6829666
2012-07-25,16.7,16.9,16.55,16.6,8370472
2012-07-26,16.85,16.9,16.65,16.65,7209743
2012-07-27,16.95,17.25,16.75,17.25,7923958
2012-07-30,17.25,17.35,17.1,17.25,5561817
2012-07-31,17.25,17.6,17.25,17.6,11249128
2012-08-01,17.6,17.6,17.4,17.4,8280066
2012-08-03,17.4,17.65,17.3,17.6,10100404
2012-08-06,17.8,17.8,17.45,17.5,5519069
2012-08-07,17.55,17.6,17.35,17.5,6899121
2012-08-08,17.55,17.65,17.35,17.4,6638735
2012-08-09,17.55,17.7,17.5,17.55,7727267
2012-08-10,17.6,17.75,17.35,17.5,9374272
2012-08-13,17.6,17.6,17.2,17.2,8300841
2012-08-14,17.2,17.85,17.2,17.75,21626009
2012-08-15,17.85,17.85,17.55,17.7,9540418
2012-08-16,17.55,17.9,17.55,17.7,10946538
2012-08-17,17.6,17.9,17.6,17.9,8496876
2012-08-20,17.8,17.85,17.05,17.25,12922881
2012-08-21,17.25,17.45,17.1,17.15,8767344
2012-08-22,17.15,17.3,17.1,17.25,5798391
2012-08-23,17.3,17.35,17.1,17.25,7616622
2012-08-24,17.35,17.35,17.15,17.2,3387447
2012-08-27,17.2,17.2,16.8,16.85,10036905
2012-08-28,16.9,17.0,16.8,16.9,4080107
2012-08-29,16.95,16.95,16.85,16.95,2831869
2012-08-30,17.0,17.15,16.9,17.05,12711511
2012-08-31,17.05,17.05,16.8,16.8,10373358
2012-09-03,16.8,16.95,16.7,16.8,8101882
2012-09-04,16.8,16.85,16.5,16.6,8977618
2012-09-05,16.55,16.65,16.35,16.5,10152388
2012-09-06,16.55,16.75,16.45,16.6,5201226
2012-09-07,16.85,16.95,16.75,16.9,8391263
2012-09-10,16.9,17.1,16.8,16.85,6606080
2012-09-11,16.85,16.85,16.45,16.6,5792272
2012-09-12,16.65,16.85,16.5,16.5,5164502
2012-09-13,16.5,16.7,16.5,16.65,5772242
2012-09-14,16.7,16.75,16.55,16.65,11453010
2012-09-17,16.75,17.0,16.65,16.75,10487597
2012-09-18,16.9,17.05,16.75,16.75,10895421
2012-09-19,17.0,17.2,17.0,17.2,18112558
2012-09-20,17.4,17.85,17.4,17.5,25228790
2012-09-21,17.6,17.6,17.3,17.45,10658994
2012-09-24,17.55,17.65,17.3,17.6,8805345
2012-09-25,17.8,17.8,17.55,17.55,8280885
2012-09-26,17.0,17.3,16.8,17.0,13717094
2012-09-27,17.0,17.15,16.95,17.1,4223897
2012-09-28,17.25,17.35,17.0,17.2,6179553
2012-10-01,17.5,17.5,17.05,17.15,2976024
2012-10-02,17.4,18.0,17.4,17.7,33943289
2012-10-03,17.9,18.2,17.9,17.9,44183503
2012-10-04,18.2,18.35,18.05,18.15,18613567
2012-10-05,18.0,18.0,17.8,17.85,11148742
2012-10-08,18.0,18.0,17.7,17.75,8839961
2012-10-09,17.95,18.1,17.7,17.7,9562737
2012-10-11,17.6,18.0,17.5,17.8,12240939
2012-10-12,17.8,17.9,17.7,17.85,6160854
2012-10-15,17.8,17.95,17.7,17.8,3458512
2012-10-16,18.0,18.0,17.7,17.85,4593793
2012-10-17,18.0,18.0,17.7,17.7,5431231
2012-10-18,17.85,17.85,17.55,17.6,3218424
2012-10-19,17.7,17.7,17.5,17.5,6120467
2012-10-22,17.6,17.9,17.5,17.75,9633296
2012-10-23,17.85,18.05,17.85,17.9,7719406
2012-10-24,17.9,17.9,17.55,17.55,6030675
2012-10-25,17.55,17.65,17.5,17.55,6461000
2012-10-26,17.6,17.75,16.75,16.8,14146113
2012-10-29,16.95,17.1,16.85,16.9,4661912
2012-10-30,17.05,17.2,16.9,17.1,5332210
2012-10-31,17.2,17.5,16.95,16.95,5703099
2012-11-01,17.1,17.2,16.9,17.2,5325149
2012-11-02,17.25,17.25,16.95,17.0,5192133
2012-11-05,17.0,17.15,16.9,17.05,4161388
2012-11-06,17.05,17.4,17.05,17.35,6658112
2012-11-07,17.35,17.4,17.15,17.35,4048122
2012-11-08,17.3,17.35,17.0,17.0,5998560
2012-11-09,16.95,17.15,16.85,17.0,5461046
2012-11-12,16.9,17.1,16.9,16.9,4503763
2012-11-13,16.85,16.9,16.6,16.7,7022506
2012-11-14,16.7,16.8,16.6,16.7,4517932
2012-11-15,16.7,16.8,16.55,16.7,2953646
2012-11-16,16.85,16.9,16.75,16.85,5297191
2012-11-19,16.8,16.85,16.55,16.75,3746787
2012-11-20,16.75,16.75,16.4,16.4,8218616
2012-11-21,16.45,16.55,16.2,16.25,5349718
2012-11-22,16.3,16.5,16.2,16.3,5028301
2012-11-23,16.4,16.8,16.4,16.8,5050949
2012-11-26,16.85,17.0,16.65,17.0,6378001
2012-11-27,17.05,17.05,16.7,16.7,6579848
2012-11-28,16.6,16.65,16.45,16.5,10681820
2012-11-29,16.6,16.85,16.6,16.6,9707618
2012-11-30,16.6,16.95,16.6,16.85,14440836
2012-12-03,16.9,17.1,16.75,16.85,10780075
2012-12-04,16.75,17.0,16.55,17.0,13520933
2012-12-05,17.0,17.15,16.85,17.05,18223272
2012-12-06,17.15,17.25,16.95,16.95,14665627
2012-12-07,17.0,17.2,17.0,17.0,10053919
2012-12-10,17.05,17.15,16.85,16.85,5010716
2012-12-11,16.95,17.05,16.8,17.0,4966314
2012-12-12,17.15,17.15,16.95,17.0,7835664
2012-12-13,17.15,17.25,17.05,17.2,12643492
2012-12-14,17.2,17.2,17.0,17.05,4276463
2012-12-17,17.1,17.2,16.85,16.85,5694934
2012-12-18,16.9,17.0,16.9,16.9,3853274
2012-12-19,17.0,17.5,16.95,17.2,16242753
2012-12-20,17.2,17.2,16.95,16.95,7591616
2012-12-21,17.0,17.05,16.75,16.75,5757949
2012-12-22,16.8,16.9,16.75,16.8,3026444
2012-12-24,16.85,16.9,16.7,16.75,4623072
2012-12-25,16.8,17.0,16.65,16.95,5077069
2012-12-26,17.05,17.1,16.95,16.95,5462856
2012-12-27,16.95,17.1,16.9,17.0,4831348
2012-12-28,17.2,17.2,17.0,17.0,6419137
2013-01-02,17.15,17.35,17.05,17.2,8683777
2013-01-03,17.35,17.4,17.15,17.4,13259919
2013-01-04,17.45,17.7,17.3,17.65,17169294
2013-01-07,17.7,17.75,17.5,17.7,12970294
2013-01-08,17.7,17.75,17.55,17.7,12210797
2013-01-09,17.65,17.9,17.6,17.7,15278921
2013-01-10,17.8,18.45,17.75,18.35,32633776
2013-01-11,18.5,18.85,18.5,18.75,33003623
2013-01-14,18.8,18.8,18.5,18.75,11557793
2013-01-15,18.7,18.8,18.3,18.4,9698466
2013-01-16,18.4,18.6,18.25,18.35,11910882
2013-01-17,18.4,18.8,17.8,17.85,18503472
2013-01-18,18.0,18.3,17.9,18.2,9364332
2013-01-21,18.3,18.5,18.1,18.4,9408366
2013-01-22,18.5,18.5,18.2,18.2,5298527
2013-01-23,18.35,18.35,18.2,18.25,5125131
2013-01-24,18.25,18.25,17.9,17.9,5047349
2013-01-25,18.0,18.25,17.95,18.15,6835879
2013-01-28,18.25,18.95,18.2,18.95,24499843
2013-01-29,19.0,19.25,18.8,19.2,30143534
2013-01-30,19.2,19.35,18.75,18.75,17897076
2013-01-31,19.0,19.0,18.8,18.9,8098657
2013-02-01,19.0,19.0,18.75,18.85,5183350
2013-02-04,19.0,19.0,18.8,18.85,6631096
2013-02-05,18.8,18.8,18.25,18.35,11912769
2013-02-06,18.4,18.6,18.25,18.3,10853771
2013-02-18,18.4,18.4,17.75,17.75,14823714
2013-02-19,17.75,18.1,17.75,18.05,8249329
2013-02-20,18.15,18.55,18.1,18.55,21967915
2013-02-21,18.35,18.6,18.1,18.5,23096746
2013-02-22,18.5,18.75,18.35,18.6,14966208
2013-02-23,18.75,18.9,18.6,18.8,15303037
2013-02-25,18.7,19.0,18.5,18.9,16475516
2013-02-26,18.5,18.9,18.45,18.65,13088812
2013-02-27,18.75,18.8,18.6,18.65,9643673
2013-03-01,18.7,18.85,18.65,18.75,9174179
2013-03-04,18.75,18.8,18.3,18.65,10456442
2013-03-05,18.65,18.7,18.4,18.4,4649812
2013-03-06,18.45,18.8,18.45,18.75,10316902
2013-03-07,18.85,19.05,18.75,18.8,10924833
2013-03-08,19.15,19.15,18.8,18.9,10023232
2013-03-11,18.9,19.05,18.85,18.9,8314080
2013-03-12,18.9,19.1,18.75,18.8,9112695
2013-03-13,18.7,19.0,18.55,18.55,6729744
2013-03-14,18.55,18.7,18.4,18.4,4262279
2013-03-15,18.45,18.65,18.35,18.45,5341924
2013-03-18,18.35,18.35,17.75,17.8,9880824
2013-03-19,17.85,18.1,17.85,17.95,13384561
2013-03-20,18.1,18.2,17.9,18.2,8342593
2013-03-21,18.3,18.3,18.0,18.1,4949311
2013-03-22,18.2,18.25,18.0,18.0,4429775
2013-03-25,18.2,18.25,18.1,18.1,2581463
2013-03-26,18.25,18.25,17.9,17.9,3082028
2013-03-27,17.9,18.15,17.85,17.95,3863521
2013-03-28,17.85,17.9,17.65,17.65,7781012
2013-03-29,17.65,18.05,17.65,17.95,5401733
2013-04-01,17.9,17.9,17.7,17.7,4640594
2013-04-02,17.7,17.9,17.65,17.75,3782570
2013-04-03,17.8,17.85,17.6,17.65,6323781
2013-04-08,16.45,16.6,16.45,16.45,31137480
2013-04-09,16.45,16.55,16.0,16.15,24151364
2013-04-10,16.25,16.5,16.2,16.5,11786010
2013-04-11,16.6,17.0,16.5,17.0,12488781
2013-04-12,17.0,17.25,16.85,17.25,12251505
2013-04-15,17.0,17.1,16.7,16.75,5781457
2013-04-16,16.65,17.1,16.65,17.1,3518651
2013-04-17,17.2,17.35,17.05,17.05,4780542
2013-04-18,17.0,17.05,16.85,17.0,3171209
2013-04-19,17.2,17.2,16.95,17.0,3576295
2013-04-22,17.1,17.2,17.0,17.05,2820803
2013-04-23,17.1,17.2,16.9,16.95,3717492
2013-04-24,17.0,17.1,16.85,16.9,6607048
2013-04-25,16.55,16.6,16.4,16.5,10372959
2013-04-26,16.65,16.75,16.45,16.6,7610573
2013-04-29,16.65,16.75,16.55,16.75,3768182
2013-04-30,16.75,16.8,16.45,16.45,12155581
2013-05-02,16.65,16.7,16.55,16.55,4464090
2013-05-03,16.65,16.75,16.55,16.55,5020305
2013-05-06,16.65,16.8,16.55,16.6,6682493
2013-05-07,16.6,16.7,16.55,16.6,2861927
2013-05-08,16.6,16.95,16.6,16.9,9366895
2013-05-09,17.0,17.0,16.8,16.9,5613847
2013-05-10,16.9,17.2,16.9,17.2,13055387
2013-05-13,17.25,17.3,17.1,17.2,7880556
2013-05-14,17.2,17.35,17.05,17.05,5201635
2013-05-15,17.1,17.2,17.0,17.2,4024191
2013-05-16,17.2,17.2,16.8,17.0,6305490
2013-05-17,17.0,17.1,16.75,16.8,6791275
2013-05-20,17.0,17.15,16.85,17.0,4651312
2013-05-21,17.0,17.1,16.9,17.0,4944770
2013-05-22,17.1,17.75,17.0,17.5,18003914
2013-05-23,17.5,17.55,17.15,17.45,12846243
2013-05-24,17.5,18.2,17.5,17.85,21488025
2013-05-27,18.0,18.0,17.65,17.95,10354087
2013-05-28,18.05,18.25,17.85,18.2,12963372
2013-05-29,18.3,18.5,18.05,18.4,11475577
2013-05-30,18.2,18.5,18.15,18.35,12697696
2013-05-31,18.45,18.5,18.3,18.5,12909617
2013-06-03,18.25,18.35,17.9,17.9,6155982
2013-06-04,17.9,18.0,17.6,17.65,6721085
2013-06-05,17.5,17.85,17.5,17.55,6019568
2013-06-06,17.4,17.6,17.25,17.35,7076877
2013-06-07,17.3,17.55,17.1,17.1,4662425
2013-06-10,17.3,17.55,17.25,17.55,5291250
2013-06-11,17.55,17.55,17.2,17.2,3033416
2013-06-13,17.05,17.1,16.8,16.8,8322115
2013-06-14,16.8,17.0,16.75,17.0,7300428
2013-06-17,17.0,17.05,16.85,16.9,3420621
2013-06-18,17.2,17.4,17.2,17.35,4897788
2013-06-19,17.45,17.5,17.1,17.1,5325410
2013-06-20,17.0,17.25,16.9,16.9,6776323
2013-06-21,16.7,17.3,16.6,16.75,29108556
2013-06-24,16.95,17.05,16.8,16.9,5128511
2013-06-25,16.9,16.9,16.6,16.65,6234090
2013-06-26,17.0,17.05,16.8,16.9,6534333
2013-06-27,17.05,17.05,16.9,16.95,4523322
2013-06-28,17.0,17.15,16.85,17.15,4543953
2013-07-01,17.1,17.15,17.0,17.05,3737283
2013-07-02,17.05,17.25,17.05,17.05,3943711
2013-07-03,17.0,17.05,16.7,16.7,6665116
2013-07-04,16.7,16.85,16.7,16.7,2137602
2013-07-05,16.85,17.1,16.85,17.0,3716887
2013-07-08,16.9,16.9,16.35,16.5,7740870
2013-07-09,16.5,16.8,16.5,16.8,4873063
2013-07-10,16.7,16.85,16.55,16.65,4216617
2013-07-11,16.85,16.85,16.7,16.85,4490326
2013-07-12,16.85,16.9,16.65,16.9,3530000
2013-07-15,16.9,16.95,16.75,16.9,3584694
2013-07-16,16.9,17.1,16.8,17.05,6468502
2013-07-17,17.05,17.15,17.05,17.15,7090158
2013-07-18,17.15,17.25,17.0,17.05,4711449
2013-07-19,17.1,17.2,17.05,17.1,4545918
2013-07-22,17.1,17.1,16.9,16.9,3355944
2013-07-23,17.1,17.1,16.9,17.1,3707612
2013-07-24,17.1,17.15,16.95,17.1,2541194
2013-07-25,17.0,17.1,16.95,16.95,2432071
2013-07-26,17.1,17.1,16.9,16.9,3894134
2013-07-29,16.9,17.0,16.8,16.9,2761982
2013-07-30,16.9,17.05,16.9,16.95,2991035
2013-07-31,16.8,17.0,16.7,16.7,4360302
2013-08-01,16.75,16.8,16.65,16.65,3353049
2013-08-02,16.9,16.95,16.65,16.85,1851604
2013-08-05,16.75,16.85,16.65,16.7,3269738
2013-08-06,16.7,16.75,16.5,16.55,4628613
2013-08-07,16.5,16.6,16.4,16.5,5173646
2013-08-08,16.5,16.55,16.35,16.35,6978899
2013-08-09,16.5,16.5,16.25,16.3,6060785
2013-08-12,16.3,16.45,16.3,16.3,3182795
2013-08-13,16.3,16.55,16.3,16.55,4314425
2013-08-14,16.55,16.6,16.4,16.5,4574966
2013-08-15,16.4,16.45,16.25,16.45,3819619
2013-08-16,16.25,16.4,16.25,16.3,4370712
2013-08-19,16.25,16.4,16.2,16.25,4574910
2013-08-20,16.25,16.5,16.2,16.25,5476601
2013-08-22,16.2,16.25,16.05,16.15,6415118
2013-08-23,16.3,16.3,16.05,16.1,4835935
2013-08-26,16.15,16.2,15.9,16.2,10661270
2013-08-27,16.2,16.2,15.95,15.95,4952875
2013-08-28,15.9,16.0,15.7,15.7,6240292
2013-08-29,15.7,15.9,15.7,15.85,3389578
2013-08-30,15.9,15.95,15.8,15.9,3576634
2013-09-02,16.0,16.0,15.75,15.95,3888376
2013-09-03,16.0,16.1,15.95,16.05,6564485
2013-09-04,16.05,16.1,15.9,16.1,4405635
2013-09-05,16.15,16.45,16.1,16.4,8301897
2013-09-06,16.35,16.4,16.2,16.25,6473534
2013-09-09,16.2,16.45,16.15,16.45,4878053
2013-09-10,16.5,16.75,16.45,16.6,10313363
2013-09-11,16.7,16.7,16.5,16.7,5923421
2013-09-12,16.75,16.75,16.6,16.7,3618514
2013-09-13,16.5,16.65,16.5,16.55,2572221
2013-09-14,16.55,16.6,16.4,16.45,1260084
2013-09-16,16.65,16.7,16.55,16.65,3486718
2013-09-17,16.65,16.65,16.45,16.55,4728102
2013-09-18,16.6,16.65,16.5,16.55,4181619
2013-09-23,16.6,16.7,16.55,16.6,2904922
2013-09-24,16.6,16.7,16.55,16.65,3346744
2013-09-25,16.65,16.7,16.55,16.55,4199096
2013-09-26,16.65,16.65,16.4,16.45,2543948
2013-09-27,16.5,16.95,16.5,16.95,17295972
2013-09-30,16.95,16.95,16.7,16.8,8923767
2013-10-01,16.8,16.9,16.5,16.55,13014816
2013-10-02,16.6,16.75,16.4,16.6,11492279
2013-10-03,16.7,16.75,16.6,16.65,5996198
2013-10-04,16.6,16.7,16.55,16.65,3574162
2013-10-07,16.55,16.65,16.45,16.45,6727506
2013-10-08,16.45,16.65,16.45,16.5,8022081
2013-10-09,16.5,16.5,16.3,16.35,5172440
2013-10-11,16.5,16.6,16.25,16.35,5447467
2013-10-14,16.3,16.4,16.2,16.25,2386376
2013-10-15,16.35,16.7,16.3,16.65,9893145
2013-10-16,16.65,16.65,16.4,16.45,3704468
2013-10-17,16.6,16.65,16.45,16.65,3460158
2013-10-18,16.65,16.65,16.55,16.6,2142764
2013-10-21,16.6,16.6,16.35,16.4,4215867
2013-10-22,16.45,16.5,16.3,16.3,4375851
2013-10-23,16.45,16.5,16.25,16.4,7150919
2013-10-24,16.4,16.45,16.25,16.3,4253691
2013-10-25,16.3,16.5,16.25,16.3,7789158
2013-10-28,16.45,16.45,16.25,16.35,6072474
2013-10-29,16.35,16.4,16.1,16.2,12008885
2013-10-30,16.2,16.3,16.15,16.25,2434017
2013-10-31,16.2,16.35,16.15,16.35,3663272
2013-11-01,16.35,16.4,16.05,16.2,6078702
2013-11-04,16.2,16.35,16.1,16.1,3921464
2013-11-05,16.1,16.15,16.0,16.0,5510071
2013-11-06,16.05,16.15,16.0,16.0,4277721
2013-11-07,16.1,16.1,15.95,16.05,2847753
2013-11-08,16.0,16.1,15.95,16.1,2840762
2013-11-11,16.1,16.15,15.9,15.95,2849801
2013-11-12,16.1,16.25,15.95,16.25,6225301
2013-11-13,16.35,16.35,16.2,16.2,4071504
2013-11-14,16.4,16.5,16.25,16.25,6314753
2013-11-15,16.45,16.5,16.3,16.4,10000725
2013-11-18,16.45,16.5,16.1,16.15,6467284
2013-11-19,16.15,16.25,16.1,16.15,4610243
2013-11-20,16.2,16.25,16.05,16.1,4931255
2013-11-21,16.05,16.2,16.0,16.1,5667611
2013-11-22,16.1,16.25,16.0,16.2,5984008
2013-11-25,16.35,16.9,16.3,16.8,33176797
2013-11-26,16.9,17.2,16.85,17.0,38668993
2013-11-27,17.1,17.1,16.85,16.95,19029762
2013-11-28,17.1,17.15,16.9,16.95,12922072
2013-11-29,17.1,17.1,16.95,17.05,8960940
2013-12-02,17.1,17.15,16.95,17.0,7654786
2013-12-03,16.9,17.0,16.85,17.0,6179075
2013-12-04,16.85,16.9,16.75,16.8,9285952
2013-12-05,16.8,16.8,16.5,16.55,9292222
2013-12-06,16.5,16.75,16.5,16.65,8628970
2013-12-09,16.7,16.8,16.7,16.7,5034430
2013-12-10,16.6,16.75,16.6,16.65,3497735
2013-12-11,16.6,16.85,16.55,16.65,6819339
2013-12-12,16.6,16.65,16.55,16.55,2851132
2013-12-13,16.55,16.65,16.55,16.6,3688973
2013-12-16,16.65,16.65,16.35,16.35,9133608
2013-12-17,16.35,16.45,16.25,16.35,7832876
2013-12-18,16.4,16.4,16.25,16.35,3693514
2013-12-19,16.45,16.55,16.4,16.5,3202122
2013-12-20,16.5,16.55,16.4,16.55,2552372
2013-12-23,16.55,16.7,16.55,16.6,3943816
2013-12-24,16.7,16.7,16.6,16.65,2554730
2013-12-25,16.65,16.7,16.55,16.6,2722383
2013-12-26,16.65,16.65,16.55,16.6,2507626
2013-12-27,16.55,16.7,16.55,16.6,2847414
2013-12-30,16.7,16.7,16.55,16.7,4668991
2013-12-31,16.7,16.75,16.6,16.6,4582091
2014-01-02,16.65,16.7,16.55,16.6,4029125
2014-01-03,16.6,16.9,16.6,16.7,10952360
2014-01-06,16.75,16.9,16.75,16.75,5703081
2014-01-07,16.75,16.8,16.7,16.7,5916171
2014-01-08,16.8,16.9,16.65,16.65,12708355
2014-01-09,16.65,16.75,16.65,16.65,5997221
2014-01-10,16.7,16.8,16.6,16.65,5809442
2014-01-13,16.7,16.8,16.6,16.6,5798526
2014-01-14,16.7,16.75,16.6,16.6,6509847
2014-01-15,16.6,16.65,16.5,16.55,7716958
2014-01-16,16.6,16.7,16.4,16.4,11851103
2014-01-17,16.4,16.5,16.35,16.4,6751714
2014-01-20,16.45,16.5,16.3,16.3,6905788
2014-01-21,16.4,16.45,16.25,16.25,9857754
2014-01-22,16.3,16.4,16.25,16.4,5315301
2014-01-23,16.4,16.45,16.3,16.35,3963650
2014-01-24,16.35,16.4,16.25,16.3,5183274
2014-01-27,16.2,16.25,16.0,16.1,11580049
2014-02-05,16.1,16.2,15.8,15.8,13150377
2014-02-06,15.85,15.9,15.7,15.8,11488323
2014-02-07,15.95,15.95,15.8,15.9,5716193
2014-02-10,15.95,15.95,15.8,15.85,5278018
2014-02-11,15.85,15.95,15.8,15.85,2868495
2014-02-12,15.85,15.95,15.7,15.75,8852211
2014-02-13,15.75,15.8,15.5,15.6,8854807
2014-02-14,15.65,15.8,15.6,15.65,4682102
2014-02-17,15.75,15.8,15.7,15.7,2940587
2014-02-18,15.75,15.8,15.7,15.7,2314291
2014-02-19,15.75,15.75,15.55,15.6,4506471
2014-02-20,15.65,15.7,15.5,15.5,4673558
2014-02-21,15.6,15.7,15.5,15.6,4756899
2014-02-24,15.6,15.7,15.45,15.45,5613917
2014-02-25,15.5,15.55,15.35,15.4,8070015
2014-02-26,15.4,15.6,15.4,15.6,6513551
2014-02-27,15.7,15.7,15.5,15.55,6780713
2014-03-03,15.55,15.65,15.45,15.5,6822525
2014-03-04,15.5,15.6,15.4,15.4,5236053
2014-03-05,15.6,15.65,15.5,15.5,4455921
2014-03-06,15.6,15.65,15.5,15.65,6103093
2014-03-07,15.75,15.75,15.55,15.7,7460098
2014-03-10,15.6,15.6,15.35,15.45,7074536
2014-03-11,15.4,15.6,15.2,15.5,5519779
2014-03-12,15.6,15.7,15.45,15.7,5088719
2014-03-13,15.7,15.75,15.55,15.65,3073014
2014-03-14,15.65,15.65,15.45,15.45,2820304
2014-03-17,15.45,15.5,15.35,15.5,2319336
2014-03-18,15.5,15.55,15.45,15.5,2121213
2014-03-19,15.5,15.55,15.35,15.4,4305644
2014-03-20,15.3,15.35,15.2,15.2,6787891
2014-03-21,15.25,15.4,15.2,15.35,4170066
2014-03-24,15.2,15.45,15.2,15.45,2148554
2014-03-25,15.35,15.4,15.3,15.35,1453905
2014-03-26,15.35,15.4,15.3,15.35,2971377
2014-03-27,15.35,15.5,15.3,15.5,2715415
2014-03-28,15.5,15.5,15.35,15.45,2587848
2014-03-31,15.45,15.5,15.3,15.3,3246730
2014-04-01,15.3,15.45,15.3,15.45,2557183
2014-04-02,15.45,15.5,15.35,15.45,2786936
2014-04-03,15.5,15.5,15.3,15.45,4928056
2014-04-07,15.45,15.5,15.3,15.5,3989732
2014-04-08,15.5,15.55,15.4,15.55,1850398
2014-04-09,15.55,15.55,15.45,15.55,2822470
2014-04-10,15.6,15.7,15.45,15.7,4896174
2014-04-11,15.7,15.8,15.6,15.75,4295747
2014-04-14,15.7,15.8,15.6,15.7,3407650
2014-04-15,15.7,15.8,15.65,15.75,2909553
2014-04-16,15.75,15.85,15.7,15.7,3352375
2014-04-17,15.7,15.85,15.7,15.75,3292954
2014-04-18,15.85,15.85,15.7,15.75,1957292
2014-04-21,15.75,15.75,15.6,15.65,2443893
2014-04-22,15.65,15.7,15.6,15.7,1900385
2014-04-23,15.7,15.75,15.6,15.7,1725699
2014-04-24,15.7,15.7,15.5,15.6,4112428
2014-04-25,15.6,15.65,15.1,15.25,5202198
2014-04-28,15.1,15.25,15.05,15.15,7355173
2014-04-29,15.2,15.3,15.15,15.3,2274986
2014-04-30,15.3,15.35,15.15,15.3,3201318
2014-05-02,15.3,15.4,15.25,15.35,2709595
2014-05-05,15.4,15.4,15.25,15.35,2140308
2014-05-06,15.25,15.3,15.2,15.3,1738253
2014-05-07,15.3,15.4,15.2,15.4,2824269
2014-05-08,15.5,15.55,15.35,15.55,3192924
2014-05-09,15.55,15.6,15.4,15.45,3102274
2014-05-12,15.4,15.6,15.35,15.5,2760728
2014-05-13,15.5,15.6,15.4,15.5,2340772
2014-05-14,15.5,15.6,15.4,15.55,2820665
2014-05-15,15.55,15.55,15.45,15.5,1838483
2014-05-16,15.35,15.4,15.1,15.35,5224275
2014-05-19,15.3,15.3,15.2,15.2,3345950
2014-05-20,15.2,15.3,15.15,15.25,3166887
2014-05-21,15.15,15.25,15.15,15.25,2134365
2014-05-22,15.15,15.3,15.15,15.3,3186404
2014-05-23,15.25,15.35,15.15,15.25,3425806
2014-05-26,15.2,15.25,15.1,15.1,3276886
2014-05-27,15.1,15.2,15.1,15.1,3389194
2014-05-28,15.15,15.3,15.15,15.3,3154257
2014-05-29,15.3,15.3,15.15,15.2,1988672
2014-05-30,15.2,15.25,15.1,15.1,6641037
2014-06-03,15.1,15.25,15.1,15.1,2987915
2014-06-04,15.1,15.2,15.1,15.1,2633878
2014-06-05,15.1,15.15,15.05,15.15,4218046
2014-06-06,15.2,15.2,15.05,15.1,4031804
2014-06-09,15.1,15.15,15.0,15.0,2956713
2014-06-10,15.0,15.1,15.0,15.1,4193317
2014-06-11,15.15,15.15,15.05,15.05,3110646
2014-06-12,15.05,15.15,15.0,15.05,2913487
2014-06-13,15.0,15.05,14.8,14.85,8030552
2014-06-16,14.9,14.9,14.7,14.7,6021179
2014-06-17,14.7,14.85,14.7,14.8,3003838
2014-06-18,14.8,14.9,14.6,14.8,8109845
2014-06-19,14.75,14.85,14.55,14.6,8756991
2014-06-20,14.6,14.65,14.4,14.4,9700145
2014-06-23,14.4,14.4,14.0,14.05,10180899
2014-06-24,14.05,14.15,14.05,14.1,4959244
2014-06-25,14.1,14.2,14.05,14.1,2810863
2014-06-26,14.1,14.5,14.1,14.4,4501388
2014-06-27,14.45,14.5,14.3,14.35,2574355
2014-06-30,14.2,14.35,14.2,14.35,2445864
2014-07-01,14.4,14.45,14.3,14.4,3643797
2014-07-02,14.45,14.45,14.3,14.35,4308706
2014-07-03,14.35,14.35,14.25,14.25,2475683
2014-07-04,14.3,14.7,14.25,14.65,9910269
2014-07-07,14.65,14.65,14.45,14.6,2664185
2014-07-08,14.6,14.6,14.4,14.45,3036466
2014-07-09,14.5,14.6,14.45,14.55,3348211
2014-07-10,14.6,14.65,14.5,14.55,3380604
2014-07-11,14.65,14.75,14.55,14.6,5287997
2014-07-14,14.7,15.15,14.7,15.15,14660613
2014-07-15,15.2,15.2,15.05,15.1,6899749
2014-07-16,15.15,15.3,15.0,15.2,10239089
2014-07-17,15.25,15.3,15.1,15.25,5504861
2014-07-18,15.05,15.1,14.9,14.95,7379185
2014-07-21,15.1,15.1,14.95,14.95,3461055
2014-07-22,14.95,15.0,14.85,15.0,3094625
2014-07-24,14.9,14.95,14.85,14.9,2694786
2014-07-25,14.95,15.0,14.85,15.0,2658969
2014-07-28,15.0,15.0,14.8,14.8,3857968
2014-07-29,14.85,15.0,14.8,14.95,3652914
2014-07-30,15.0,15.0,14.85,15.0,3626375
2014-07-31,15.0,15.05,14.85,14.85,3854730
2014-08-01,14.8,15.05,14.8,14.9,2957661
2014-08-04,15.0,15.0,14.8,14.8,2782834
2014-08-05,14.8,14.8,14.35,14.35,7572718
2014-08-06,14.4,14.5,14.35,14.35,2222804
2014-08-07,14.4,14.5,14.35,14.45,1776224
2014-08-08,14.5,14.55,14.35,14.35,1972659
2014-08-11,14.55,14.65,14.45,14.5,2113857
2014-08-12,14.6,14.6,14.4,14.4,2120182
2014-08-13,14.45,14.5,14.3,14.5,2955250
2014-08-14,14.55,14.55,14.35,14.45,2185870
2014-08-15,14.6,14.65,14.45,14.55,3097322
2014-08-18,14.55,14.55,14.35,14.35,1931635
2014-08-19,14.45,14.5,14.4,14.5,1610805
2014-08-20,14.6,14.95,14.5,14.7,7716125
2014-08-21,14.75,14.8,14.55,14.55,3784996
2014-08-22,14.7,14.9,14.6,14.8,5157693
2014-08-25,14.9,15.2,14.85,15.15,10542216
2014-08-26,15.2,15.2,15.0,15.05,3344588
2014-08-27,15.05,15.15,15.0,15.1,2985220
2014-08-28,15.1,15.15,15.0,15.05,2365915
2014-08-29,15.0,15.15,14.95,15.0,3130295
2014-09-01,15.05,15.1,14.95,15.0,1516130
2014-09-02,15.0,15.05,14.9,14.9,1680404
2014-09-03,15.0,15.15,15.0,15.15,5441418
2014-09-04,15.15,15.25,15.0,15.2,5708271
2014-09-05,15.2,15.2,15.1,15.2,2341819
2014-09-09,15.25,15.3,15.2,15.3,3861884
2014-09-10,15.3,15.3,15.1,15.2,3853622
2014-09-11,15.4,15.65,15.3,15.6,15885770
2014-09-12,15.65,15.7,15.55,15.6,9765176
2014-09-15,15.65,15.9,15.6,15.75,12866382
2014-09-16,15.75,15.8,15.55,15.55,5918053
2014-09-17,15.55,15.7,15.45,15.6,5805337
2014-09-18,15.65,15.9,15.65,15.8,10708135
2014-09-19,15.9,15.9,15.7,15.75,5855963
2014-09-22,15.75,15.8,15.6,15.8,4476590
2014-09-23,15.75,15.85,15.65,15.65,4070783
2014-09-24,15.6,15.8,15.6,15.75,2627316
2014-09-25,15.85,15.9,15.65,15.75,4814634
2014-09-26,15.7,15.8,15.6,15.7,4296682
2014-09-29,15.8,15.9,15.7,15.8,8386912
2014-09-30,15.9,16.15,15.8,16.1,19913885
2014-10-01,16.1,16.1,15.8,15.9,9109970
2014-10-02,15.8,15.85,15.55,15.65,9084024
2014-10-03,15.65,15.85,15.65,15.75,3884961
2014-10-06,15.9,15.9,15.75,15.8,3850314
2014-10-07,15.8,15.9,15.7,15.85,5052540
2014-10-08,15.75,15.9,15.7,15.7,6184756
2014-10-09,15.8,15.9,15.75,15.9,6188920
2014-10-13,15.5,15.55,15.1,15.35,9171314
2014-10-14,15.3,15.7,15.3,15.7,8813871
2014-10-15,15.8,16.65,15.8,16.4,33968957
2014-10-16,16.3,16.5,15.95,16.05,19949415
2014-10-17,16.05,16.2,15.55,15.7,18636544
2014-10-20,15.95,16.15,15.95,16.1,8651345
2014-10-21,16.15,16.45,15.95,16.45,10961826
2014-10-22,16.55,16.8,16.55,16.6,23957325
2014-10-23,16.65,17.75,16.65,17.7,66710103
2014-10-24,17.7,17.8,17.3,17.4,53082467
2014-10-27,17.6,17.75,17.1,17.2,20319171
2014-10-28,17.4,17.65,17.2,17.5,20753747
2014-10-29,17.6,17.65,17.2,17.5,20759421
2014-10-30,17.45,18.15,17.25,17.75,44339975
2014-10-31,18.05,18.2,17.75,17.8,23204728
2014-11-03,18.0,18.45,17.9,18.35,35519749
2014-11-04,18.5,18.9,18.5,18.85,39105757
2014-11-05,19.1,19.3,18.55,18.75,30494385
2014-11-06,18.75,18.75,18.25,18.3,22547735
2014-11-07,18.3,18.65,18.3,18.4,17131796
2014-11-10,18.6,19.0,18.5,18.85,21188021
2014-11-11,19.0,19.0,18.5,18.55,11311020
2014-11-12,18.6,18.8,18.45,18.7,9912610
2014-11-13,18.8,18.8,18.6,18.7,7546838
2014-11-14,18.9,20.0,18.9,19.65,57928740
2014-11-17,19.6,19.6,18.9,19.2,28839430
2014-11-18,19.2,19.4,18.6,18.75,23768820
2014-11-19,18.75,19.15,18.45,19.0,23692014
2014-11-20,19.1,19.15,18.7,18.8,14949767
2014-11-21,18.6,18.7,18.5,18.6,11934712
2014-11-24,18.7,18.9,18.6,18.9,8964355
2014-11-25,18.95,19.3,18.9,18.9,20661928
2014-11-26,19.0,19.2,18.75,18.75,11530819
2014-11-27,19.0,19.0,18.65,18.85,11193066
2014-11-28,19.6,20.15,19.6,20.0,64828065
2014-12-01,20.2,21.4,20.2,21.35,64418143
2014-12-02,20.95,21.55,20.85,21.35,36639667
2014-12-03,21.65,22.8,21.55,22.8,54360091
2014-12-04,23.0,23.35,22.15,22.4,47457334
2014-12-05,22.1,23.1,22.1,23.0,35991503
2014-12-08,23.6,23.9,22.2,22.5,39399982
2014-12-09,22.9,23.1,22.05,22.35,34053692
2014-12-10,22.5,22.85,22.25,22.7,29211600
2014-12-11,22.5,23.3,22.5,22.55,39660946
2014-12-12,22.9,23.0,22.25,22.35,24027617
2014-12-15,22.45,22.75,22.3,22.45,20208793
2014-12-16,22.65,22.65,22.3,22.3,17286023
2014-12-17,22.2,22.3,20.8,20.85,39986750
2014-12-18,21.0,21.6,21.0,21.45,24054094
2014-12-19,21.9,22.85,21.7,22.1,45804179
2014-12-22,22.05,22.15,21.5,22.05,27590425
2014-12-23,22.1,22.6,21.85,21.85,29788292
2014-12-24,21.7,21.85,21.3,21.5,25275314
2014-12-25,21.05,21.4,21.0,21.15,24674133
2014-12-26,21.0,21.25,20.9,21.25,17104617
2014-12-27,21.25,21.95,21.25,21.65,22566626
2014-12-29,21.8,21.9,20.85,21.3,27792088
2014-12-30,21.45,22.0,21.25,21.55,32237195
2014-12-31,21.75,22.45,21.6,22.15,35147856
2015-01-05,22.5,23.0,22.3,23.0,30581007
2015-01-06,23.05,23.55,22.95,22.95,50767924
2015-01-07,23.4,23.9,23.2,23.5,51527061
2015-01-08,23.9,23.95,23.05,23.6,48550596
2015-01-09,23.6,24.5,23.45,24.5,48581709
2015-01-12,24.5,24.75,24.1,24.2,27895671
2015-01-13,24.55,24.9,24.45,24.65,37891873
2015-01-14,24.95,24.95,24.25,24.7,25786995
2015-01-15,24.5,24.55,24.0,24.2,25822075
2015-01-16,24.5,24.75,23.9,24.3,32381257
2015-01-19,24.0,24.2,23.55,23.55,23863926
2015-01-20,23.7,24.0,23.7,23.85,14923864
2015-01-21,24.1,24.45,24.05,24.3,20284804
2015-01-22,24.3,24.4,24.1,24.3,13569496
2015-01-23,24.35,24.55,24.05,24.3,20061237
2015-01-26,24.4,24.8,24.4,24.5,18260378
2015-01-27,24.75,24.8,24.05,24.25,12250655
2015-01-28,24.0,24.15,23.65,23.75,12392553
2015-01-29,23.75,23.95,23.05,23.4,34487702
2015-01-30,23.5,24.2,23.3,24.2,27009153
2015-02-02,23.75,23.8,22.9,23.1,22314913
2015-02-03,22.5,22.95,22.5,22.8,19770211
2015-02-04,22.3,22.95,22.3,22.95,28778880
2015-02-05,23.3,23.35,23.05,23.15,17629116
2015-02-06,22.9,22.9,22.35,22.6,48399841
2015-02-09,22.4,22.4,21.9,21.9,32564674
2015-02-10,21.8,22.6,21.8,22.0,28558755
2015-02-11,22.2,22.45,22.05,22.1,15952235
2015-02-12,22.3,22.6,22.25,22.4,18036608
2015-02-13,22.4,22.6,22.25,22.45,15599289
2015-02-24,22.6,22.85,22.45,22.45,18106856
2015-02-25,22.5,23.15,22.5,22.95,20004321
2015-02-26,22.75,23.1,22.65,23.0,13843837
2015-03-02,23.0,23.05,22.5,22.9,13384378
2015-03-03,23.1,23.1,22.7,23.1,15066572
2015-03-04,22.8,22.9,22.05,22.1,27373705
2015-03-05,22.0,22.1,20.9,21.1,46972083
2015-03-06,21.2,21.6,21.15,21.5,21705966
2015-03-09,21.4,21.55,21.15,21.45,11879489
2015-03-10,21.65,21.65,21.15,21.15,11030286
2015-03-11,21.3,21.7,21.15,21.15,21942630
2015-03-12,21.35,21.45,21.15,21.15,16317944
2015-03-13,21.45,22.6,21.3,21.9,35185067
2015-03-16,22.5,22.7,22.2,22.2,19998836
2015-03-17,22.55,22.95,22.2,22.5,38611257
2015-03-18,22.8,22.85,22.5,22.7,25390546
2015-03-19,22.7,22.7,22.2,22.3,19278414
2015-03-20,22.35,22.6,22.25,22.25,18617952
2015-03-23,22.55,22.55,21.9,22.0,19553210
2015-03-24,22.3,23.3,22.3,23.05,43398651
2015-03-25,23.15,23.2,22.65,22.7,18322285
2015-03-26,22.5,22.55,21.9,22.2,22369622
2015-03-27,21.9,22.0,21.5,21.55,20919980
2015-03-30,22.0,22.2,21.9,21.9,11813225
2015-03-31,22.2,23.0,22.1,22.95,32249680
2015-04-01,22.9,23.3,22.5,23.1,32126894
2015-04-02,22.85,23.15,22.75,23.0,19591665
2015-04-07,23.0,23.95,22.8,23.4,37182165
2015-04-08,23.4,23.6,23.3,23.45,20576873
2015-04-09,24.0,24.65,24.0,24.0,46670950
2015-04-10,24.1,24.25,23.7,24.05,19580501
2015-04-13,24.3,25.2,24.05,25.05,46748666
2015-04-14,25.05,25.15,24.4,24.5,22810684
2015-04-15,24.6,25.25,24.3,24.35,28075884
2015-04-16,24.05,24.15,23.5,24.15,32057912
2015-04-17,24.1,24.35,23.5,23.55,20043688
2015-04-20,23.3,23.9,23.05,23.2,17549266
2015-04-21,23.4,23.9,23.2,23.8,15302044
2015-04-22,23.8,24.2,23.55,23.6,14449425
2015-04-23,23.7,24.4,23.6,24.1,15150513
2015-04-24,23.9,24.25,23.1,24.0,29116523
2015-04-27,24.2,24.3,23.7,23.75,18874044
2015-04-28,23.8,24.85,23.8,24.75,31586909
2015-04-29,24.75,24.75,24.15,24.2,15656972
2015-04-30,24.1,24.4,24.0,24.15,11717633
2015-05-04,24.15,24.15,23.25,23.25,16478748
2015-05-05,23.5,23.5,23.0,23.05,12538119
2015-05-06,22.8,22.9,21.45,21.45,46302219
2015-05-07,21.45,21.9,21.25,21.6,18792927
2015-05-08,22.2,22.2,21.4,21.5,22422057
2015-05-11,21.8,21.9,21.4,21.45,9110580
2015-05-12,21.6,22.4,21.5,22.3,9689608
2015-05-13,22.0,22.05,21.35,21.55,15416802
2015-05-14,21.9,22.2,21.55,21.55,10677975
2015-05-15,21.8,21.9,21.25,21.6,11016829
2015-05-18,21.8,21.8,20.6,20.95,32262415
2015-05-19,21.15,21.75,21.05,21.65,20783328
2015-05-20,21.7,22.2,21.65,21.8,14425064
2015-05-21,21.8,22.05,21.2,21.2,18945528
2015-05-22,21.05,21.55,20.85,21.1,22895743
2015-05-25,22.5,22.55,22.4,22.55,22615488
2015-05-26,22.8,23.65,22.75,22.85,51808711
2015-05-27,22.9,23.15,22.6,22.75,21412662
2015-05-28,23.1,23.55,22.9,23.1,25785239
2015-05-29,23.1,23.2,22.75,22.75,15759942
2015-06-01,22.4,22.5,21.7,21.75,21161365
2015-06-02,21.7,21.8,21.3,21.35,16254165
2015-06-03,21.25,21.3,19.95,20.35,41660043
2015-06-04,20.35,20.65,19.8,19.95,38026239
2015-06-05,20.0,20.5,19.95,20.45,20902459
2015-06-08,20.4,20.4,19.5,19.85,26842270
2015-06-09,19.8,20.05,19.55,19.55,18999585
2015-06-10,19.45,20.7,18.8,20.35,35283357
2015-06-11,20.0,20.05,19.25,19.3,19252080
2015-06-12,19.3,19.8,19.3,19.7,13334314
2015-06-15,19.5,20.0,19.5,19.7,8637198
2015-06-16,19.7,20.1,19.35,19.35,12582230
2015-06-17,19.5,19.55,18.95,18.95,15837013
2015-06-18,19.15,20.75,19.1,20.6,30296266
2015-06-22,20.9,21.25,20.55,20.6,21990907
2015-06-23,21.05,21.2,20.5,20.5,16488015
2015-06-24,20.5,20.65,20.25,20.3,9489724
2015-06-25,20.55,21.2,20.25,20.85,22827909
2015-06-26,21.0,21.05,20.5,20.8,14735281
2015-06-29,20.3,20.6,20.2,20.2,9735480
2015-06-30,20.15,21.15,20.15,21.05,23042453
2015-07-01,20.95,21.2,20.75,20.9,12324531
2015-07-02,21.35,22.0,21.2,21.55,38653872
2015-07-03,21.65,21.95,21.4,21.45,18031101
2015-07-06,21.65,22.15,21.55,21.65,20623745
2015-07-07,22.4,23.0,22.35,22.45,43095725
2015-07-08,22.4,22.6,21.45,21.7,34191217
2015-07-09,21.3,22.0,20.9,21.75,21491797
2015-07-13,22.45,22.45,21.7,21.8,16203940
2015-07-14,22.2,22.5,21.8,21.8,16339354
2015-07-15,22.15,22.4,21.8,22.05,18688819
2015-07-16,22.4,23.3,22.15,22.9,53121622
2015-07-17,23.0,23.15,22.6,22.75,22831804
2015-07-20,23.0,23.1,22.3,22.55,14693168
2015-07-21,22.95,23.4,22.4,22.6,32412449
2015-07-22,22.7,23.1,22.6,22.8,24895717
2015-07-23,23.0,23.15,22.75,23.05,22929567
2015-07-24,22.9,23.3,22.85,23.0,22917791
2015-07-27,23.1,23.15,22.45,22.5,17583118
2015-07-28,22.5,23.5,22.5,23.5,38691812
2015-07-29,23.3,23.35,23.0,23.05,18987201
2015-07-30,23.05,23.2,22.95,23.0,9749686
2015-07-31,23.2,23.2,22.8,22.8,8388199
2015-08-03,22.85,22.95,22.15,22.15,18843447
2015-08-04,22.55,23.2,22.55,22.8,22703413
2015-08-05,23.05,23.1,22.85,23.1,12043835
2015-08-06,23.1,23.2,22.7,22.85,10245016
2015-08-07,22.8,23.0,22.6,22.7,13584413
2015-08-10,23.0,23.8,22.75,23.75,33648362
2015-08-11,23.75,23.85,23.35,23.4,26281967
2015-08-12,23.6,23.65,22.85,22.95,18945930
2015-08-13,22.95,23.1,22.85,22.85,15195149
2015-08-14,23.1,23.2,22.2,22.8,19767917
2015-08-17,22.45,22.65,21.25,21.45,26346182
2015-08-18,21.45,21.65,20.3,21.0,30499613
2015-08-19,21.05,21.35,20.6,21.3,19107410
2015-08-20,21.5,22.15,21.3,21.8,23841609
2015-08-21,21.2,21.9,20.6,21.6,30651165
2015-08-24,21.0,21.05,19.8,20.2,29924879
2015-08-25,20.15,20.45,19.9,20.15,22465255
2015-08-26,20.1,20.25,19.25,19.7,24141837
2015-08-27,19.95,20.35,19.85,20.3,16692520
2015-08-28,20.1,20.4,20.0,20.1,16552831
2015-08-31,20.15,20.25,19.65,19.65,20477422
2015-09-01,19.4,19.45,18.9,18.95,33685847
2015-09-02,19.25,19.6,19.05,19.05,23399153
2015-09-03,19.15,19.35,18.85,19.05,16930487
2015-09-04,19.05,19.2,18.75,18.75,15625778
2015-09-07,18.5,18.75,18.1,18.3,22145023
2015-09-08,18.45,19.25,18.45,19.0,19396095
2015-09-09,19.25,19.6,19.2,19.25,20556057
2015-09-10,19.35,19.65,19.3,19.65,15481802
2015-09-11,19.5,19.6,19.3,19.4,9754550
2015-09-14,19.5,20.05,19.4,19.55,19036758
2015-09-15,19.85,19.85,19.5,19.55,12610767
2015-09-16,19.65,19.65,19.25,19.35,12616475
2015-09-17,19.35,19.5,19.3,19.5,20698397
2015-09-18,19.5,19.65,19.3,19.35,14219024
2015-09-21,19.4,19.45,18.75,18.85,13718760
2015-09-22,18.9,19.0,18.35,18.4,19607497
2015-09-23,18.3,18.7,18.2,18.4,17003933
2015-09-24,18.65,18.7,18.0,18.25,14079704
2015-09-25,18.45,18.45,18.0,18.05,17963784
2015-09-30,18.05,18.4,18.0,18.4,24693040
2015-10-01,18.85,19.8,18.8,19.75,39084175
2015-10-02,19.55,19.65,19.25,19.25,24943468
2015-10-05,19.35,19.45,19.1,19.15,14885623
2015-10-06,19.25,19.45,19.0,19.0,17673352
2015-10-07,18.55,18.65,17.85,18.15,58600722
2015-10-08,18.3,18.4,18.0,18.0,22891768
2015-10-12,18.15,18.25,18.0,18.0,16378434
2015-10-13,18.35,18.4,18.15,18.3,18144794
2015-10-14,18.3,18.35,18.15,18.2,14447551
2015-10-15,18.3,18.55,18.25,18.3,14239817
2015-10-16,18.5,19.0,18.4,18.9,29154197
2015-10-19,19.5,19.65,19.2,19.3,28616488
2015-10-20,19.45,19.5,19.1,19.15,18392039
2015-10-21,19.3,19.35,19.0,19.05,11062031
2015-10-22,19.2,19.85,19.05,19.55,34692869
2015-10-23,19.8,19.8,19.35,19.35,14103029
2015-10-26,19.55,19.7,19.35,19.45,17568866
2015-10-27,19.6,19.65,19.4,19.65,11677202
2015-10-28,19.8,19.9,19.45,19.5,11972821
2015-10-29,19.35,19.4,19.05,19.05,12650487
2015-10-30,19.1,19.35,18.9,19.1,15570130
2015-11-02,19.05,19.4,19.0,19.4,8055777
2015-11-03,19.5,19.55,19.2,19.45,7335977
2015-11-04,19.35,19.5,19.2,19.4,17401352
2015-11-05,19.45,19.75,19.35,19.6,13811407
2015-11-06,19.65,19.65,19.2,19.2,13990880
2015-11-09,19.25,19.7,19.25,19.5,14646071
2015-11-10,19.35,19.5,19.2,19.35,11838060
2015-11-11,19.45,19.55,18.9,18.9,12888013
2015-11-12,19.1,19.4,18.95,19.05,10092195
2015-11-13,19.05,19.15,18.4,18.5,17715150
2015-11-16,18.05,18.15,16.8,17.5,70012201
2015-11-17,17.9,17.9,17.55,17.7,24549443
2015-11-18,17.9,18.0,17.5,17.5,13781364
2015-11-19,17.6,17.65,17.3,17.35,19146246
2015-11-20,17.5,17.8,17.5,17.8,15586839
2015-11-23,17.95,17.95,17.6,17.65,10348867
2015-11-24,17.55,17.6,17.15,17.3,22534676
2015-11-25,17.25,17.45,17.15,17.2,11640001
2015-11-26,17.35,17.4,17.15,17.15,12044788
2015-11-27,17.2,17.3,16.85,16.95,15112664
2015-11-30,16.8,16.8,16.3,16.4,33244263
2015-12-01,16.5,16.7,16.4,16.5,20833835
2015-12-02,16.5,17.2,16.5,16.85,15154328
2015-12-03,17.05,17.15,16.75,16.8,15550622
2015-12-04,16.7,16.75,16.5,16.65,10795666
2015-12-07,16.95,17.0,16.75,16.8,6829713
2015-12-08,17.1,17.2,16.85,16.85,17566031
2015-12-09,17.1,17.65,17.05,17.45,41416952
2015-12-10,17.5,17.5,17.05,17.05,19472401
2015-12-11,17.3,17.3,16.75,16.75,15811622
2015-12-14,16.65,17.15,16.65,17.0,17204681
2015-12-15,17.1,17.2,16.8,16.8,11944226
2015-12-16,16.95,17.4,16.8,17.05,19353001
2015-12-17,17.25,17.35,17.1,17.15,11877028
2015-12-18,17.3,17.75,17.2,17.5,38584196
2015-12-21,17.8,19.15,17.75,18.9,60139486
2015-12-22,19.15,19.4,18.5,18.5,49461616
2015-12-23,18.55,18.85,18.4,18.7,26024760
2015-12-24,18.6,18.75,18.45,18.5,17973279
2015-12-25,18.5,19.25,18.3,18.75,35288668
2015-12-28,18.9,19.0,18.65,18.65,18949102
2015-12-29,18.9,19.0,18.65,18.65,13635960
2015-12-30,18.75,18.9,18.65,18.65,11425167
2015-12-31,18.75,18.8,18.55,18.6,9192314
2016-01-04,18.6,18.7,17.95,18.05,23487172
2016-01-05,18.0,18.15,17.65,17.95,18503071
2016-01-06,18.65,18.9,18.15,18.25,43639681
2016-01-07,18.45,18.75,18.3,18.6,39179837
2016-01-08,18.75,18.9,18.35,18.35,22422236
2016-01-11,17.85,17.9,17.1,17.35,27940158
2016-01-12,17.6,18.25,17.6,18.1,31613587
2016-01-13,18.6,18.6,18.05,18.05,14929477
2016-01-14,18.05,18.35,17.8,18.2,16031889
2016-01-15,18.25,18.3,17.7,17.8,16590195
2016-01-18,17.6,18.45,17.6,18.35,18317277
2016-01-19,18.35,18.55,18.0,18.15,18994045
2016-01-20,18.1,18.15,17.55,17.8,18706998
2016-01-21,17.95,18.15,17.7,17.7,7938424
2016-01-22,17.9,17.9,17.45,17.6,11052990
2016-01-25,17.6,17.6,17.1,17.35,16063559
2016-01-26,17.3,17.5,17.3,17.35,7273295
2016-01-27,17.5,17.5,17.05,17.2,8472116
2016-01-28,17.1,17.35,17.05,17.25,9126378
2016-01-29,17.2,17.4,17.05,17.4,14596315
2016-01-30,17.55,17.65,17.45,17.55,9288448
2016-02-01,17.55,17.55,17.1,17.3,9671081
2016-02-02,17.4,17.5,17.25,17.4,6372460
2016-02-03,17.35,17.35,17.15,17.15,6746669
2016-02-15,17.4,17.5,17.2,17.3,11122120
2016-02-16,17.55,17.6,17.35,17.5,9266850
2016-02-17,17.6,17.8,17.45,17.65,12453962
2016-02-18,17.7,17.8,17.35,17.4,14411775
2016-02-19,17.5,17.6,17.3,17.35,7684100
2016-02-22,17.5,18.7,17.5,18.15,46483748
2016-02-23,18.45,18.45,17.8,17.9,22828915
2016-02-24,18.0,18.2,17.9,18.0,13692783
2016-02-25,18.0,18.1,17.75,17.75,12451939
2016-02-26,17.9,17.9,17.7,17.85,8657760
2016-03-01,17.8,17.85,17.55,17.75,8040733
2016-03-02,17.9,18.25,17.75,18.05,18602817
2016-03-03,18.05,18.2,17.95,18.1,13758452
2016-03-04,18.15,18.2,17.95,18.0,11842298
2016-03-07,17.9,18.2,17.85,18.0,9425960
2016-03-08,18.0,18.5,17.9,18.15,18264779
2016-03-09,18.2,18.25,17.9,17.9,10501071
2016-03-10,17.95,18.0,17.85,17.95,8360346
2016-03-11,18.15,18.3,17.95,17.95,13904064
2016-03-14,17.65,17.8,17.5,17.5,23997475
2016-03-15,17.55,17.65,17.05,17.05,26420687
2016-03-16,17.15,17.6,17.1,17.6,29266500
2016-03-17,17.6,17.7,17.5,17.65,26473528
2016-03-18,17.6,17.7,17.55,17.6,23566125
2016-03-21,17.6,17.7,17.55,17.65,15841205
2016-03-22,17.65,17.7,17.55,17.7,18546923
2016-03-23,17.65,17.7,17.6,17.7,11939609
2016-03-24,17.65,18.05,17.6,17.7,12500450
2016-03-25,17.7,17.75,17.6,17.7,9943325
2016-03-28,17.7,17.85,17.7,17.75,7978055
2016-03-29,17.75,17.85,17.5,17.8,22550515
2016-03-30,17.85,17.9,17.8,17.85,12238191
2016-03-31,17.95,18.0,17.85,18.0,11587573
2016-04-01,17.9,17.9,17.75,17.85,9192420
2016-04-06,17.7,17.9,17.55,17.8,21275713
2016-04-07,17.6,17.9,17.55,17.85,16670130
2016-04-08,17.8,17.9,17.8,17.8,16183774
2016-04-11,17.8,17.9,17.7,17.85,8738894
2016-04-12,17.8,17.85,17.55,17.55,11047478
2016-04-13,17.55,17.6,17.2,17.35,13312051
2016-04-14,17.35,17.35,17.05,17.05,10700010
2016-04-15,17.05,17.2,16.85,16.95,14088578
2016-04-18,17.0,17.1,16.9,16.9,5839783
2016-04-19,16.95,17.0,16.55,16.6,15353327
2016-04-20,16.75,16.8,16.1,16.25,18501663
2016-04-21,16.35,16.4,16.1,16.2,11623805
2016-04-22,16.2,16.35,16.0,16.05,8690562
2016-04-25,16.05,16.2,15.85,16.1,10855099
2016-04-26,16.1,16.2,16.0,16.05,6011964
2016-04-27,16.2,16.4,16.1,16.2,11966688
2016-04-28,16.25,16.25,15.85,15.85,11601441
2016-04-29,15.8,16.0,15.7,16.0,10520496
2016-05-03,16.0,16.0,15.7,15.75,6682523
2016-05-04,15.7,15.75,15.25,15.25,12629055
2016-05-05,15.25,15.35,14.6,14.65,26696876
2016-05-06,14.75,15.1,14.65,15.0,11030916
2016-05-09,15.0,15.1,14.9,14.95,9928466
2016-05-10,15.0,15.0,14.85,14.95,6273587
2016-05-11,15.0,15.1,14.9,14.9,7736346
2016-05-12,14.9,15.0,14.75,14.8,5771547
2016-05-13,14.8,14.8,14.4,14.7,11799760
2016-05-16,14.5,14.5,14.0,14.2,15655014
2016-05-17,14.2,14.2,13.95,14.05,14329968
2016-05-18,14.0,14.0,13.85,13.9,15602999
2016-05-19,13.9,14.0,13.75,13.75,12138513
2016-05-20,13.85,14.55,13.65,14.35,24583132
2016-05-23,14.3,14.4,14.0,14.2,14194081
2016-05-24,14.25,14.35,14.1,14.15,8850155
2016-05-25,14.2,14.45,14.2,14.3,10098188
2016-05-26,14.4,14.75,14.35,14.7,14845636
2016-05-27,14.8,14.85,14.55,14.8,8652798
2016-05-30,14.75,14.8,14.55,14.75,10294869
2016-05-31,14.75,14.8,14.6,14.8,8231012
2016-06-01,14.8,14.85,14.65,14.75,9013558
2016-06-02,14.75,14.8,14.5,14.5,10155727
2016-06-03,14.55,14.6,14.45,14.5,6890920
2016-06-04,14.55,14.7,14.5,14.7,4153862
2016-06-06,14.7,14.75,14.45,14.5,6386814
2016-06-07,14.5,14.65,14.4,14.45,7757320
2016-06-08,14.5,14.8,14.45,14.7,12153418
2016-06-13,14.7,14.7,14.4,14.45,7340737
2016-06-14,14.4,14.5,14.35,14.45,4702409
2016-06-15,14.5,14.5,14.25,14.45,6347543
2016-06-16,14.55,14.6,14.2,14.25,10163942
2016-06-17,14.4,14.6,14.25,14.55,9825717
2016-06-20,14.55,14.6,14.35,14.45,6824262
2016-06-21,14.45,14.55,14.4,14.45,6170411
2016-06-22,14.55,15.1,14.45,15.05,26299764
2016-06-23,15.1,15.15,14.85,14.9,8644182
2016-06-24,15.35,15.35,14.65,14.95,33462524
2016-06-27,14.9,14.9,14.7,14.9,8386054
2016-06-28,14.85,14.95,14.7,14.85,10188754
2016-06-29,14.85,14.95,14.65,14.7,10752099
2016-06-30,14.7,14.75,14.5,14.7,8350914
2016-07-01,14.7,14.85,14.65,14.7,5912979
2016-07-04,14.7,14.8,14.5,14.5,9674498
2016-07-05,14.6,14.65,14.5,14.55,6278761
2016-07-06,14.6,14.6,14.15,14.15,14777159
2016-07-07,14.2,14.35,14.1,14.15,7429043
2016-07-11,14.4,14.6,14.3,14.35,9769955
2016-07-12,14.5,14.55,14.35,14.4,13772362
2016-07-13,14.5,14.55,14.3,14.4,8813570
2016-07-14,14.5,15.1,14.45,15.05,24533184
2016-07-15,15.5,16.05,15.5,15.7,64500591
2016-07-18,15.75,15.8,15.5,15.65,17901713
2016-07-19,15.65,15.7,15.4,15.7,13153506
2016-07-20,15.6,15.85,15.5,15.55,12370005
2016-07-21,15.65,15.75,15.55,15.55,11098710
2016-07-22,15.55,15.6,15.45,15.55,7756551
2016-07-25,15.6,15.65,15.15,15.3,9902374
2016-07-26,15.3,15.5,15.2,15.45,5694360
2016-07-27,15.5,15.5,15.35,15.4,4866544
2016-07-28,15.4,15.5,15.3,15.4,6998746
2016-07-29,15.45,15.45,15.2,15.2,7018127
2016-08-01,15.3,15.55,15.2,15.55,9437986
2016-08-02,15.55,15.65,15.45,15.45,10940782
2016-08-03,15.35,15.55,15.25,15.5,7293451
2016-08-04,15.6,15.7,15.45,15.7,8379641
2016-08-05,15.75,15.95,15.7,15.85,16134981
2016-08-08,15.9,15.95,15.7,15.85,11512655
2016-08-09,15.8,15.9,15.75,15.85,9418472
2016-08-10,15.85,15.9,15.75,15.9,8056811
2016-08-11,15.9,15.95,15.6,15.75,12340363
2016-08-12,15.8,15.8,15.65,15.75,5660684
2016-08-15,15.7,15.85,15.7,15.8,4299723
2016-08-16,15.8,15.8,15.5,15.55,39506162
2016-08-17,15.55,15.75,15.55,15.75,9503414
2016-08-18,15.75,15.85,15.7,15.8,10344168
2016-08-19,15.85,15.85,15.55,15.6,10208274
2016-08-22,15.55,15.6,15.4,15.4,6614545
2016-08-23,15.4,15.45,15.3,15.35,19031830
2016-08-24,14.6,14.75,14.5,14.6,11219745
2016-08-25,14.65,14.7,14.5,14.6,7574480
2016-08-26,14.65,14.8,14.55,14.7,7258986
2016-08-29,14.75,14.75,14.5,14.7,4549808
2016-08-30,14.75,14.8,14.65,14.75,4491194
2016-08-31,14.7,14.75,14.6,14.7,6237950
2016-09-01,14.65,14.95,14.65,14.85,9685358
2016-09-02,14.95,15.15,14.9,14.9,13425207
2016-09-05,15.0,15.05,14.9,14.9,3837110
2016-09-06,14.9,15.25,14.9,15.15,9325546
2016-09-07,15.2,15.25,15.05,15.15,6700263
2016-09-08,15.15,15.2,15.05,15.15,4444064
2016-09-09,15.05,15.1,14.85,14.9,5257378
2016-09-10,14.65,14.75,14.6,14.6,5356424
2016-09-12,14.6,14.65,14.5,14.5,6560520
2016-09-13,14.55,14.6,14.35,14.4,5759599
2016-09-14,14.3,14.55,14.3,14.3,6200688
2016-09-19,14.4,14.7,14.3,14.3,12231601
2016-09-20,14.35,14.5,14.3,14.45,5479511
2016-09-21,14.5,14.7,14.4,14.5,6552884
2016-09-22,14.6,14.6,14.4,14.55,4630322
2016-09-23,14.55,14.65,14.5,14.65,6499854
2016-09-26,14.65,14.65,14.5,14.5,2324080
2016-09-29,14.5,14.55,14.4,14.4,6501955
2016-09-30,14.4,14.4,14.3,14.3,6769104
2016-10-03,14.4,14.45,14.3,14.35,3880189
2016-10-04,14.4,14.6,14.35,14.6,5539034
2016-10-05,14.5,14.6,14.45,14.55,3186618
2016-10-06,14.55,14.55,14.4,14.55,3641006
2016-10-07,14.55,14.75,14.45,14.75,8215015
2016-10-11,14.8,14.85,14.45,14.6,6612802
2016-10-12,14.6,14.75,14.45,14.65,4409273
2016-10-13,14.7,14.7,14.55,14.6,3684348
2016-10-14,14.6,14.6,14.45,14.45,3283826
2016-10-17,14.5,14.6,14.4,14.55,3887006
2016-10-18,14.55,14.55,14.45,14.55,2626129
2016-10-19,14.55,14.6,14.45,14.55,3446876
2016-10-20,14.55,14.6,14.5,14.55,3921276
2016-10-21,14.6,14.6,14.5,14.6,6382833
2016-10-24,14.6,14.7,14.5,14.7,4688386
2016-10-25,14.7,14.7,14.55,14.65,2160137
2016-10-26,14.6,14.7,14.55,14.6,2472558
2016-10-27,14.75,15.25,14.75,15.1,26457735
2016-10-28,15.05,15.1,14.8,15.1,8744296
2016-10-31,15.1,15.25,14.95,15.2,11610173
2016-11-01,15.2,15.2,15.1,15.15,6265461
2016-11-02,15.1,15.15,14.8,14.8,9813948
2016-11-03,14.85,15.0,14.8,14.9,3647430
2016-11-04,14.95,14.95,14.8,14.85,2785590
2016-11-07,14.95,15.0,14.9,14.9,3259934
2016-11-08,14.95,15.35,14.85,15.2,8307757
2016-11-09,15.25,15.35,14.6,14.7,13538519
2016-11-10,14.95,15.0,14.85,14.95,5318726
2016-11-11,14.9,14.95,14.65,14.65,6885352
2016-11-14,14.7,14.95,14.6,14.7,6210527
2016-11-15,14.8,14.95,14.7,14.7,5615516
2016-11-16,14.85,14.85,14.7,14.7,4762743
2016-11-17,14.8,15.2,14.75,15.1,13638600
2016-11-18,15.2,15.25,15.0,15.15,8167292
2016-11-21,15.15,15.3,15.05,15.25,10493851
2016-11-22,15.6,15.85,15.45,15.45,28253374
2016-11-23,15.65,15.7,15.55,15.6,12522006
2016-11-24,15.6,16.1,15.6,15.85,30959612
2016-11-25,15.8,15.8,15.55,15.6,8107131
2016-11-28,15.6,15.75,15.5,15.5,5695248
2016-11-29,15.6,15.7,15.5,15.6,5816312
2016-11-30,15.7,15.75,15.55,15.65,9761501
2016-12-01,15.45,15.55,15.2,15.25,12431905
2016-12-02,15.2,15.25,15.05,15.1,8563822
2016-12-05,15.15,15.15,14.9,14.95,6724413
2016-12-06,15.05,15.15,15.0,15.05,5560310
2016-12-07,15.1,15.25,15.0,15.1,37533089
2016-12-08,15.25,15.55,15.2,15.4,10072879
2016-12-09,15.35,15.4,15.2,15.25,8403662
2016-12-12,15.2,15.2,14.9,14.95,9511228
2016-12-13,15.0,15.05,14.9,14.9,7309393
2016-12-14,15.05,15.15,14.9,14.9,4697848
2016-12-15,14.9,15.05,14.75,14.9,7820781
2016-12-16,14.85,14.85,14.75,14.75,8646196
2016-12-19,14.75,14.9,14.7,14.7,5778375
2016-12-20,14.8,14.85,14.6,14.6,8465922
2016-12-21,14.7,14.75,14.55,14.6,5697928
2016-12-22,14.6,14.65,14.55,14.6,2722343
2016-12-23,14.6,14.65,14.55,14.55,5165214
2016-12-26,14.55,14.65,14.45,14.45,6264753
2016-12-27,14.5,14.6,14.45,14.5,4434367
2016-12-28,14.55,14.6,14.5,14.55,2811256
2016-12-29,14.55,14.6,14.45,14.5,4704325
2016-12-30,14.55,14.6,14.5,14.6,2501690
2017-01-03,14.6,14.65,14.55,14.6,2866300
2017-01-04,14.5,14.6,14.5,14.6,2383581
2017-01-05,14.65,14.95,14.6,14.9,10099638
2017-01-06,15.0,15.0,14.7,14.8,3854509
2017-01-09,14.8,14.95,14.75,14.8,3431107
2017-01-10,14.85,14.9,14.75,14.85,3247842
2017-01-11,14.9,15.2,14.8,15.1,14225715
2017-01-12,15.15,15.15,15.0,15.05,5168382
2017-01-13,15.1,15.1,15.0,15.05,3859423
2017-01-16,15.05,15.1,14.95,15.0,3458849
2017-01-17,15.0,15.25,15.0,15.15,5553185
2017-01-18,15.15,15.15,15.0,15.05,3237629
2017-01-19,15.05,15.05,14.9,14.95,3976827
2017-01-20,15.0,15.05,14.9,15.0,5105877
2017-01-23,15.1,15.15,15.0,15.0,4148607
2017-01-24,15.1,15.15,15.0,15.1,7751562
2017-02-02,15.1,15.15,14.9,14.9,8116270
2017-02-03,14.95,15.05,14.75,14.8,8656970
2017-02-06,14.85,15.05,14.85,14.9,7222955
2017-02-07,14.9,15.05,14.85,15.0,5552020
2017-02-08,15.0,15.2,14.85,14.85,12540625
2017-02-09,14.95,14.95,14.8,14.9,4835147
2017-02-10,14.95,15.1,14.95,15.0,9119217
2017-02-13,15.1,15.15,14.95,15.0,6975745
2017-02-14,15.0,15.0,14.9,14.95,4794149
2017-02-15,15.0,15.35,14.95,15.2,19680205
2017-02-16,15.3,15.45,15.25,15.35,15629898
2017-02-17,15.35,15.6,15.3,15.5,18979952
2017-02-18,15.5,15.55,15.35,15.5,8775357
2017-02-20,15.5,15.95,15.5,15.8,28030387
2017-02-21,15.8,15.8,15.35,15.6,14154547
2017-02-22,15.6,15.85,15.5,15.6,8266229
2017-02-23,15.6,15.65,15.45,15.45,5335302
2017-02-24,15.45,15.5,15.25,15.25,8574714
2017-03-01,15.35,15.5,15.25,15.3,7879623
2017-03-02,15.45,15.55,15.3,15.35,6359258
2017-03-03,15.45,15.55,15.35,15.5,6125805
2017-03-06,15.5,15.55,15.4,15.4,3327595
2017-03-07,15.35,15.5,15.3,15.35,5626450
2017-03-08,15.35,15.4,15.3,15.3,3693691
2017-03-09,15.3,15.6,15.3,15.3,9443403
2017-03-10,15.4,15.45,15.05,15.4,10560064
2017-03-13,15.5,16.0,15.45,15.95,39198101
2017-03-14,16.3,16.6,16.2,16.5,74620310
2017-03-15,16.35,16.4,16.15,16.3,20177828
2017-03-16,16.25,16.3,16.15,16.25,15182871
2017-03-17,16.3,16.5,16.3,16.5,17352817
2017-03-20,16.6,16.95,16.45,16.75,22005641
2017-03-21,16.75,16.75,16.4,16.4,12358826
2017-03-22,16.25,16.4,16.2,16.4,9160789
2017-03-23,16.4,16.55,16.3,16.4,6111423
2017-03-24,16.5,16.5,16.2,16.35,6892451
2017-03-27,16.35,16.35,16.15,16.15,8442116
2017-03-28,16.2,16.35,16.0,16.3,11137101
2017-03-29,16.4,16.4,16.15,16.3,6744813
2017-03-30,16.15,16.15,16.0,16.1,10709569
2017-03-31,16.1,16.15,16.0,16.1,6277555
2017-04-05,15.85,15.9,15.2,15.2,30157351
2017-04-06,15.2,15.2,14.9,14.9,23037812
2017-04-07,14.95,15.1,14.9,14.9,11653445
2017-04-10,14.9,14.95,14.7,14.75,7716461
2017-04-11,14.8,15.0,14.8,14.95,7821825
2017-04-12,14.95,15.0,14.8,14.9,5991866
2017-04-13,14.9,15.0,14.75,14.75,9221390
2017-04-14,14.75,14.95,14.7,14.75,11026741
2017-04-17,14.8,14.85,14.55,14.6,9630993
2017-04-18,14.75,14.9,14.7,14.9,5296734
2017-04-19,14.8,14.85,14.6,14.65,5872815
2017-04-20,14.7,14.7,14.6,14.6,4240002
2017-04-21,14.7,14.75,14.65,14.7,2403818
2017-04-24,14.8,14.85,14.65,14.8,2933702
2017-04-25,14.85,15.05,14.75,15.05,6416737
2017-04-26,15.05,15.05,14.9,15.0,4121520
2017-04-27,14.95,15.0,14.75,14.85,2832189
2017-04-28,14.9,15.1,14.8,14.85,4603576
2017-05-02,14.9,14.9,14.7,14.85,5350225
2017-05-03,14.85,14.9,14.8,14.85,3520647
2017-05-04,14.85,14.95,14.85,14.95,2875499
2017-05-05,15.1,15.1,15.0,15.05,9979299
2017-05-08,15.1,15.1,14.65,14.8,6249980
2017-05-09,14.75,14.85,14.7,14.75,4928445
2017-05-10,14.75,15.0,14.7,14.9,3617717
2017-05-11,14.95,14.95,14.75,14.85,3074963
2017-05-12,14.85,15.1,14.85,14.95,3923525
2017-05-15,14.75,14.8,14.5,14.65,14270097
2017-05-16,14.55,14.7,14.5,14.7,9633983
2017-05-17,14.65,14.65,14.55,14.55,5650088
2017-05-18,14.5,14.65,14.45,14.65,4209761
2017-05-19,14.6,14.6,14.5,14.55,5610327
2017-05-22,14.5,14.5,14.3,14.35,11651429
2017-05-23,14.35,14.45,14.35,14.4,4742470
2017-05-24,14.4,14.45,14.35,14.4,6070582
2017-05-25,14.4,14.55,14.35,14.55,5880170
2017-05-26,14.7,14.85,14.7,14.75,10986662
2017-05-31,14.75,14.8,14.55,14.7,8314508
2017-06-01,14.7,14.7,14.55,14.55,3762819
2017-06-02,14.6,14.65,14.55,14.65,3257399
2017-06-03,14.7,14.7,14.6,14.6,1223167
2017-06-05,14.7,14.75,14.55,14.65,3490212
2017-06-06,14.65,14.65,14.55,14.55,2936709
2017-06-07,14.55,14.6,14.5,14.5,3089082
2017-06-08,14.55,14.65,14.5,14.6,4226742
2017-06-09,14.65,14.7,14.5,14.55,4865466
2017-06-12,14.6,14.8,14.55,14.7,7720066
2017-06-13,14.75,14.95,14.7,14.9,13003379
2017-06-14,14.95,14.95,14.35,14.55,11882538
2017-06-15,14.6,14.7,14.5,14.6,4929288
2017-06-16,14.7,14.7,14.5,14.5,7051346
2017-06-19,14.5,14.6,14.4,14.55,6607549
2017-06-20,14.6,14.6,14.45,14.45,5639270
2017-06-21,14.45,14.65,14.45,14.6,9767062
2017-06-22,14.7,15.3,14.6,15.15,24252218
2017-06-23,15.15,15.2,14.95,15.0,11828080
2017-06-26,15.05,15.15,14.95,15.05,7216753
2017-06-27,15.2,15.2,14.95,15.0,6570671
2017-06-28,14.95,14.95,14.7,14.8,9467873
2017-06-29,14.8,15.05,14.8,14.85,9108622
2017-06-30,14.95,15.1,14.8,15.05,7586657
2017-07-03,15.05,15.4,15.0,15.4,18765533
2017-07-04,15.4,15.55,15.25,15.25,19018776
2017-07-05,15.35,15.35,15.1,15.35,7220895
2017-07-06,15.4,15.45,15.25,15.3,4577813
2017-07-07,15.3,15.3,15.1,15.15,4758527
2017-07-10,15.25,15.35,15.2,15.3,5296234
2017-07-11,15.4,15.4,15.25,15.35,5495106
2017-07-12,15.35,15.35,15.15,15.2,6548656
2017-07-13,15.2,15.3,15.1,15.2,5474873
2017-07-14,15.25,15.4,15.25,15.35,6230259
2017-07-17,15.5,15.6,15.35,15.4,9806008
2017-07-18,15.45,15.45,15.3,15.45,6670319
2017-07-19,15.45,15.45,15.25,15.25,6673369
2017-07-20,15.25,15.25,15.05,15.1,5528038
2017-07-21,15.1,15.15,15.0,15.05,4560676
2017-07-24,15.1,15.15,14.95,15.0,3419701
2017-07-25,15.0,15.0,14.9,14.95,2782306
2017-07-26,14.95,15.0,14.8,14.8,7198337
2017-07-27,14.8,15.0,14.8,15.0,4984471
2017-07-28,15.0,15.0,14.8,14.8,3859265
2017-07-31,14.65,14.7,14.6,14.65,9472368
2017-08-01,14.6,14.7,14.6,14.6,7070377
2017-08-02,14.65,14.75,14.6,14.75,4756234
2017-08-03,14.7,14.75,14.65,14.7,3117419
2017-08-04,14.75,14.8,14.65,14.75,3376587
2017-08-07,14.8,14.85,14.75,14.75,3377333
2017-08-08,14.8,14.85,14.65,14.7,3858028
2017-08-09,14.65,14.7,14.6,14.65,5123794
2017-08-10,14.6,14.75,14.3,14.35,18788657
2017-08-11,14.15,14.5,14.15,14.45,5550921
2017-08-14,14.5,14.7,14.45,14.65,6962815
2017-08-15,14.75,15.05,14.7,14.9,13453431
2017-08-16,14.95,15.4,14.95,15.25,28053371
2017-08-17,15.4,15.5,15.2,15.3,14089913
2017-08-18,15.2,15.9,15.1,15.7,53862918
2017-08-21,15.8,16.0,15.7,15.75,21845206
2017-08-22,15.8,15.9,15.65,15.75,13390315
2017-08-23,15.8,16.0,15.8,15.9,19528880
2017-08-24,15.95,16.0,15.8,15.8,11978301
2017-08-25,15.8,16.0,15.8,15.95,20651621
2017-08-28,15.95,16.2,15.95,16.15,23052500
2017-08-29,15.55,15.65,15.25,15.55,15831042
2017-08-30,15.6,15.8,15.5,15.75,12568049
2017-08-31,15.9,15.9,15.6,15.7,10006078
2017-09-01,15.8,15.85,15.6,15.75,14027693
2017-09-04,15.6,15.75,15.55,15.65,9967738
2017-09-05,15.65,15.7,15.55,15.65,10392504
2017-09-06,15.5,15.65,15.4,15.4,14695876
2017-09-07,15.5,15.65,15.4,15.6,11747043
2017-09-08,15.7,16.05,15.65,15.9,16380367
2017-09-11,16.15,16.3,15.9,15.95,12568952
2017-09-12,16.15,16.2,16.0,16.1,9702072
2017-09-13,16.15,16.15,15.75,15.8,7241050
2017-09-14,15.75,15.95,15.75,15.8,6261124
2017-09-15,15.7,15.75,15.45,15.7,12710607
2017-09-18,15.7,15.7,15.35,15.4,11065827
2017-09-19,15.5,15.6,15.35,15.5,7667686
2017-09-20,15.55,15.6,15.25,15.25,8348733
2017-09-21,15.25,15.4,15.25,15.25,3437858
2017-09-22,15.25,15.3,14.95,15.1,8781107
2017-09-25,15.15,15.2,14.75,14.85,6989664
2017-09-26,14.8,15.4,14.7,14.95,9162100
2017-09-27,14.85,15.05,14.8,14.85,5699888
2017-09-28,14.85,15.0,14.7,14.7,9929798
2017-09-29,14.8,14.8,14.6,14.8,7016189
2017-09-30,14.85,14.95,14.7,14.8,2311621
2017-10-02,14.85,14.95,14.75,14.9,4299921
2017-10-03,14.95,14.95,14.75,14.8,3160484
2017-10-05,14.8,14.9,14.8,14.85,4148152
2017-10-06,14.85,14.9,14.8,14.85,2219049
2017-10-11,14.9,14.95,14.85,14.9,6029955
2017-10-12,14.9,14.9,14.75,14.8,6061639
2017-10-13,14.8,15.0,14.75,15.0,5393433
2017-10-16,15.1,15.1,14.85,15.0,6443542
2017-10-17,15.0,15.0,14.8,14.9,4735510
2017-10-18,14.9,14.9,14.65,14.65,9264306
2017-10-19,14.7,14.85,14.6,14.8,6977466
2017-10-20,14.7,14.75,14.65,14.7,7205700
2017-10-23,14.75,15.0,14.7,14.9,7689001
2017-10-24,15.0,15.3,14.85,15.1,18658154
2017-10-25,15.2,15.3,15.05,15.1,7253948
2017-10-26,15.15,15.2,14.9,14.95,4227114
2017-10-27,15.05,15.2,14.95,15.0,5330619
2017-10-30,15.05,15.1,14.95,14.95,4642410
2017-10-31,14.95,15.0,14.8,14.85,7383340
2017-11-01,14.9,14.95,14.8,14.85,4881570
2017-11-02,14.8,14.9,14.75,14.75,4549008
2017-11-03,14.85,14.9,14.8,14.85,3945858
2017-11-06,14.85,14.95,14.8,14.85,6091331
2017-11-07,14.85,14.9,14.5,14.65,22367003
2017-11-08,14.65,14.75,14.6,14.65,5098088
2017-11-09,14.7,14.7,14.6,14.65,6318408
2017-11-10,14.65,14.75,14.6,14.75,4621484
2017-11-13,15.55,15.55,15.0,15.0,20183004
